
=== code 0x01 -> Gun  holds=34 fns=['0xc0c9810']
  slot1_s12 P1 o=0xc50eee0 f=2836-3061 ctr0=6 b427=5 w428=0xd30000 ctr_changes=5 ctr_log=[[2836, 6], [2906, 5, 8], [2951, 4, 8], [2990, 3, 8], [3001, 2, 8], [3035, 1, 8]] end=1
     post(dt,x,y,z,code,hdr,fn): [[0, -98, 232, -48, 1537, 9, 202151952], [4, -98, 260, -28, 1537, 9, 202151952], [8, -98, 256, -9, 1537, 9, 202151952], [12, -97, 220, 10, 1537, 9, 202151952], [16, -97, 152, 29, 1537, 9, 202151952], [20, -97, 57, 47, 1537, 9, 202151952]]
  slot1_s15 P1 o=0xc50f740 f=2956-3256 ctr0=6 b427=4 w428=0x6c0000 ctr_changes=5 ctr_log=[[2956, 6], [2990, 5, 8], [3110, 4, 8], [3176, 3, 8], [3200, 2, 8], [3211, 1, 8]] end=1
     post(dt,x,y,z,code,hdr,fn): [[0, -678, 502, 50, 1537, 9, 202151952], [4, -696, 530, 42, 1537, 9, 202151952], [8, -714, 526, 34, 1537, 9, 202151952], [12, -731, 490, 26, 1537, 9, 202151952], [16, -748, 422, 18, 1537, 9, 202151952], [20, -764, 322, 11, 1537, 9, 202151952]]
  slot1_s15 P1 o=0xc50f740 f=3631-3707 ctr0=1 b427=4 w428=0x1400100 ctr_changes=1 ctr_log=[[3631, 1], [3695, 0, 8]] end=0
     post(dt,x,y,z,code,hdr,fn): [[0, -832, 445, -29, 1537, 9, 202151952], [4, -832, 473, -9, 1537, 9, 202151952], [8, -832, 469, 11, 1537, 9, 202151952], [12, -831, 433, 29, 1537, 9, 202151952], [16, -831, 365, 48, 1537, 9, 202151952], [20, -831, 265, 66, 1537, 9, 202151952]]
  slot2_s11 P1 o=0xc50ffa0 f=8253-8713 ctr0=6 b427=1 w428=0x0 ctr_changes=0 ctr_log=[[8253, 6]] end=6
     post(dt,x,y,z,code,hdr,fn): [[0, -436, 171, -326, 1537, 9, 202151952], [4, -422, 199, -340, 1537, 9, 202151952], [8, -408, 195, -353, 1537, 9, 202151952], [12, -395, 159, -367, 1537, 9, 202151952], [16, -381, 91, -380, 1537, 9, 202151952], [20, -369, 70, -393, 1537, 9, 202151952]]
  slot2_s11 P1 o=0xc516420 f=17363-18694 ctr0=6 b427=3 w428=0x0 ctr_changes=2 ctr_log=[[17363, 6], [17523, 5, 8], [18150, 4, 8]] end=4
     post(dt,x,y,z,code,hdr,fn): [[0, -867, 171, 873, 1537, 9, 202151952], [4, -881, 199, 887, 1537, 9, 202151952], [8, -895, 195, 901, 1537, 9, 202151952], [12, -909, 159, 914, 1537, 9, 202151952], [16, -922, 91, 928, 1537, 9, 202151952], [20, -934, 70, 940, 1537, 9, 202151952]]
  slot2_s12 P1 o=0xc50eab0 f=5251-6364 ctr0=6 b427=2 w428=0x0 ctr_changes=1 ctr_log=[[5251, 6], [5398, 5, 8]] end=5
     post(dt,x,y,z,code,hdr,fn): [[0, 575, 171, 422, 1537, 9, 202151952], [4, 589, 199, 408, 1537, 9, 202151952], [8, 602, 195, 394, 1537, 9, 202151952], [12, 616, 159, 381, 1537, 9, 202151952], [16, 629, 91, 368, 1537, 9, 202151952], [20, 642, 70, 355, 1537, 9, 202151952]]

=== code 0x02 -> Bazooka  holds=30 fns=['0xc0c9810']
  slot2_s11 P1 o=0xc50fb70 f=3328-3619 ctr0=5 b427=5 w428=0x0 ctr_changes=0 ctr_log=[[3328, 5]] end=5
     post(dt,x,y,z,code,hdr,fn): [[0, 72, 171, 632, 1538, 9, 202151952], [4, 92, 199, 632, 1538, 9, 202151952], [8, 111, 195, 632, 1538, 9, 202151952], [12, 130, 159, 632, 1538, 9, 202151952], [16, 149, 91, 633, 1538, 9, 202151952], [20, 167, 70, 633, 1538, 9, 202151952]]
  slot2_s11 P4 o=0xc5174e0 f=17947-18343 ctr0=5 b427=2 w428=0x0 ctr_changes=2 ctr_log=[[17947, 5], [17991, 4, 8], [18057, 3, 8]] end=3
     post(dt,x,y,z,code,hdr,fn): [[0, -619, 171, 240, 1538, 9, 202151952], [4, -623, 199, 221, 1538, 9, 202151952], [8, -627, 195, 202, 1538, 9, 202151952], [12, -630, 159, 183, 1538, 9, 202151952], [16, -634, 91, 165, 1538, 9, 202151952], [20, -637, 70, 148, 1538, 9, 202151952]]
  slot2_s11 P4 o=0xc5174e0 f=18557-18931 ctr0=3 b427=2 w428=0xb40100 ctr_changes=2 ctr_log=[[18557, 3], [18684, 2, 8], [18830, 1, 8]] end=1
     post(dt,x,y,z,code,hdr,fn): [[0, -592, 368, -258, 1538, 9, 202151952], [4, -578, 396, -244, 1538, 9, 202151952], [8, -565, 392, -230, 1538, 9, 202151952], [12, -551, 356, -217, 1538, 9, 202151952], [16, -538, 288, -204, 1538, 9, 202151952], [20, -525, 188, -191, 1538, 9, 202151952]]
  slot2_s12 P2 o=0xc515360 f=661-1095 ctr0=5 b427=0 w428=0xa80000 ctr_changes=5 ctr_log=[[661, 5], [721, 4, 8], [841, 3, 8], [901, 2, 8], [1021, 1, 8], [1066, 0, 8]] end=0
     post(dt,x,y,z,code,hdr,fn): [[0, -902, 171, 500, 1538, 9, 202151952], [4, -914, 199, 515, 1538, 9, 202151952], [8, -927, 195, 530, 1538, 9, 202151952], [12, -938, 159, 545, 1538, 9, 202151952], [16, -950, 91, 560, 1538, 9, 202151952], [20, -956, 55, 567, 1538, 9, 202151952]]
  slot2_s12 P4 o=0xc5103d0 f=11291-11531 ctr0=5 b427=0 w428=0x1250000 ctr_changes=0 ctr_log=[[11291, 5]] end=5
     post(dt,x,y,z,code,hdr,fn): [[0, 759, 171, 637, 1538, 9, 202151952], [4, 745, 199, 623, 1538, 9, 202151952], [8, 731, 195, 609, 1538, 9, 202151952], [12, 718, 159, 595, 1538, 9, 202151952], [16, 705, 91, 582, 1538, 9, 202151952], [20, 692, 70, 570, 1538, 9, 202151952]]
  slot2_s12 P2 o=0xc5103d0 f=11581-11687 ctr0=5 b427=0 w428=0x100100 ctr_changes=1 ctr_log=[[11581, 5], [11641, 4, 8]] end=4
     post(dt,x,y,z,code,hdr,fn): [[0, 664, 171, 589, 1538, 9, 202151952], [4, 678, 199, 603, 1538, 9, 202151952], [8, 692, 195, 616, 1538, 9, 202151952], [12, 705, 159, 630, 1538, 9, 202151952], [16, 718, 91, 643, 1538, 9, 202151952], [20, 731, 70, 656, 1538, 9, 202151952]]

=== code 0x03 -> Flame Thrower  holds=21 fns=['0xc0c9810']
  slot1_s13 P2 o=0xc50f310 f=6811-7066 ctr0=220 b427=3 w428=0x9a0000 ctr_changes=76 ctr_log=[[6811, 220], [6871, 219, 8], [6872, 218, 8], [6873, 217, 8], [6874, 216, 8], [6875, 215, 8], [6876, 214, 8], [6877, 213, 8]]... end=144
     post(dt,x,y,z,code,hdr,fn): [[0, 480, 171, -488, 1539, 9, 202151952], [4, 494, 199, -474, 1539, 9, 202151952], [8, 508, 195, -460, 1539, 9, 202151952], [12, 521, 159, -447, 1539, 9, 202151952], [16, 535, 91, -434, 1539, 9, 202151952], [20, 547, 70, -421, 1539, 9, 202151952]]
  slot1_s14 P1 o=0xc508200 f=2551-3001 ctr0=220 b427=2 w428=0x200000 ctr_changes=138 ctr_log=[[2551, 220], [2611, 219, 8], [2612, 218, 8], [2613, 217, 8], [2614, 216, 8], [2615, 215, 8], [2616, 214, 8], [2617, 213, 8]]... end=82
     post(dt,x,y,z,code,hdr,fn): [[0, -99, 171, 608, 1539, 9, 202151952], [4, -99, 199, 588, 1539, 9, 202151952], [8, -99, 195, 568, 1539, 9, 202151952], [12, -99, 159, 549, 1539, 9, 202151952], [16, -99, 91, 531, 1539, 9, 202151952], [20, -99, 70, 513, 1539, 9, 202151952]]
  slot1_s16 P1 o=0xc513e70 f=9556-9601 ctr0=220 b427=5 w428=0x150000 ctr_changes=0 ctr_log=[[9556, 220]] end=220
     post(dt,x,y,z,code,hdr,fn): [[0, -704, 171, 23, 1539, 9, 202151952], [4, -690, 199, 37, 1539, 9, 202151952], [8, -676, 195, 51, 1539, 9, 202151952], [12, -663, 159, 64, 1539, 9, 202151952], [16, -650, 91, 77, 1539, 9, 202151952], [20, -637, 70, 90, 1539, 9, 202151952]]
  slot2_s12 P4 o=0xc518e00 f=17164-17697 ctr0=220 b427=3 w428=0x110000 ctr_changes=62 ctr_log=[[17164, 220], [17211, 219, 8], [17212, 218, 8], [17213, 217, 8], [17214, 216, 8], [17215, 215, 8], [17216, 214, 8], [17217, 213, 8]]... end=158
     post(dt,x,y,z,code,hdr,fn): [[0, -515, 171, 1061, 1539, 9, 202151952], [4, -501, 199, 1047, 1539, 9, 202151952], [8, -488, 195, 1033, 1539, 9, 202151952], [12, -474, 159, 1020, 1539, 9, 202151952], [16, -461, 91, 1006, 1539, 9, 202151952], [20, -448, 70, 994, 1539, 9, 202151952]]
  slot2_s13 P3 o=0xc511cf0 f=12095-12948 ctr0=220 b427=1 w428=0xcf0000 ctr_changes=62 ctr_log=[[12095, 220], [12347, 219, 8], [12348, 218, 8], [12349, 217, 8], [12350, 216, 8], [12351, 215, 8], [12352, 214, 8], [12353, 213, 8]]... end=158
     post(dt,x,y,z,code,hdr,fn): [[0, -325, 171, 683, 1539, 9, 202151952], [4, -345, 199, 683, 1539, 9, 202151952], [8, -364, 195, 683, 1539, 9, 202151952], [12, -383, 159, 683, 1539, 9, 202151952], [16, -402, 91, 683, 1539, 9, 202151952], [20, -420, 70, 683, 1539, 9, 202151952]]
  slot2_s13 P3 o=0xc511cf0 f=13254-13308 ctr0=158 b427=1 w428=0x1100100 ctr_changes=0 ctr_log=[[13254, 158]] end=158
     post(dt,x,y,z,code,hdr,fn): [[0, -383, 171, 577, 1539, 9, 202151952], [4, -397, 199, 592, 1539, 9, 202151952], [8, -411, 195, 605, 1539, 9, 202151952], [12, -424, 159, 619, 1539, 9, 202151952], [16, -437, 91, 632, 1539, 9, 202151952], [20, -450, 70, 644, 1539, 9, 202151952]]

=== code 0x04 -> Hammer  holds=33 fns=['0xc0c9810']
  slot2_s11 P3 o=0xc51a2f0 f=9412-9581 ctr0=600 b427=3 w428=0x0 ctr_changes=168 ctr_log=[[9412, 600], [9413, 599, 10], [9414, 598, 10], [9415, 597, 10], [9416, 596, 10], [9417, 595, 10], [9418, 594, 10], [9419, 593, 10]]... end=432
     post(dt,x,y,z,code,hdr,fn): [[0, 349, 171, 541, 1540, 9, 202151952], [4, 335, 199, 527, 1540, 9, 202151952], [8, 321, 195, 513, 1540, 9, 202151952], [12, 308, 159, 500, 1540, 9, 202151952], [16, 295, 91, 487, 1540, 9, 202151952], [20, 282, 81, 474, 1540, 9, 202151952]]
  slot2_s11 P1 o=0xc50b010 f=12839-12846 ctr0=600 b427=5 w428=0x0 ctr_changes=6 ctr_log=[[12839, 600], [12840, 599, 10], [12841, 598, 10], [12842, 597, 10], [12843, 596, 10], [12844, 595, 10], [12845, 594, 32]] end=594
     post(dt,x,y,z,code,hdr,fn): [[0, -545, 171, 277, 1540, 9, 202151952], [4, -531, 199, 263, 1540, 9, 202151952], [8, -518, 195, 250, 1540, 9, 202151952], [12, -504, 159, 236, 1540, 9, 202151952], [16, -491, 91, 223, 1540, 9, 202151952], [20, -478, 81, 210, 1540, 9, 202151952]]
  slot2_s11 P3 o=0xc50b010 f=13101-13709 ctr0=594 b427=5 w428=0xdf0100 ctr_changes=594 ctr_log=[[13101, 594], [13102, 593, 10], [13103, 592, 10], [13104, 591, 10], [13105, 590, 10], [13106, 589, 10], [13107, 588, 10], [13108, 587, 10]]... end=0
     post(dt,x,y,z,code,hdr,fn): [[0, 503, 180, 797, 1540, 9, 202151952], [4, 523, 208, 800, 1540, 9, 202151952], [8, 542, 204, 802, 1540, 9, 202151952], [12, 561, 168, 805, 1540, 9, 202151952], [16, 579, 100, 807, 1540, 9, 202151952], [20, 588, 66, 808, 1540, 9, 202151952]]
  slot2_s12 P2 o=0xc512550 f=2836-2849 ctr0=600 b427=0 w428=0x2a0000 ctr_changes=12 ctr_log=[[2836, 600], [2837, 599, 10], [2838, 598, 10], [2839, 597, 10], [2840, 596, 10], [2841, 595, 10], [2842, 594, 10], [2843, 593, 10]]... end=588
     post(dt,x,y,z,code,hdr,fn): [[0, -782, 171, 698, 1540, 9, 202151952], [4, -768, 199, 712, 1540, 9, 202151952], [8, -755, 195, 726, 1540, 9, 202151952], [12, -741, 159, 740, 1540, 9, 202151952], [16, -728, 91, 753, 1540, 9, 202151952], [20, -715, 81, 765, 1540, 9, 202151952]]
  slot2_s12 P2 o=0xc512550 f=3361-3405 ctr0=588 b427=0 w428=0x1e00100 ctr_changes=43 ctr_log=[[3361, 588], [3362, 587, 10], [3363, 586, 10], [3364, 585, 10], [3365, 584, 10], [3366, 583, 10], [3367, 582, 10], [3368, 581, 10]]... end=545
     post(dt,x,y,z,code,hdr,fn): [[0, -776, 171, 1003, 1540, 9, 202151952], [4, -776, 199, 1023, 1540, 9, 202151952], [8, -776, 195, 1042, 1540, 9, 202151952], [12, -776, 159, 1061, 1540, 9, 202151952], [16, -776, 91, 1080, 1540, 9, 202151952], [20, -776, 81, 1098, 1540, 9, 202151952]]
  slot2_s12 P4 o=0xc512550 f=3467-3584 ctr0=545 b427=0 w428=0x1e0200 ctr_changes=116 ctr_log=[[3467, 545], [3468, 544, 10], [3469, 543, 10], [3470, 542, 10], [3471, 541, 10], [3472, 540, 10], [3473, 539, 10], [3474, 538, 10]]... end=429
     post(dt,x,y,z,code,hdr,fn): [[0, -555, 171, 994, 1540, 9, 202151952], [4, -569, 199, 980, 1540, 9, 202151952], [8, -583, 195, 966, 1540, 9, 202151952], [12, -596, 159, 953, 1540, 9, 202151952], [16, -609, 91, 939, 1540, 9, 202151952], [20, -622, 81, 927, 1540, 9, 202151952]]

=== code 0x05 -> Sword  holds=30 fns=['0xc0c9810']
  slot1_s11 P1 o=0xc50eab0 f=16216-16576 ctr0=600 b427=0 w428=0xa50000 ctr_changes=355 ctr_log=[[16216, 600], [16217, 599, 10], [16218, 598, 10], [16219, 597, 10], [16220, 596, 10], [16221, 595, 10], [16222, 594, 10], [16223, 593, 10]]... end=245
     post(dt,x,y,z,code,hdr,fn): [[0, 1051, 180, 519, 1541, 9, 202151952], [4, 1036, 208, 533, 1541, 9, 202151952], [8, 1023, 204, 547, 1541, 9, 202151952], [12, 1009, 168, 560, 1541, 9, 202151952], [16, 996, 100, 573, 1541, 9, 202151952], [20, 984, 105, 586, 1541, 9, 202151952]]
  slot1_s11 P1 o=0xc50eab0 f=16996-17056 ctr0=245 b427=0 w428=0x1830100 ctr_changes=59 ctr_log=[[16996, 245], [16997, 244, 10], [16998, 243, 10], [16999, 242, 10], [17000, 241, 10], [17001, 240, 10], [17002, 239, 10], [17003, 238, 10]]... end=186
     post(dt,x,y,z,code,hdr,fn): [[0, 1010, 171, 447, 1541, 9, 202151952], [4, 1024, 199, 461, 1541, 9, 202151952], [8, 1038, 195, 475, 1541, 9, 202151952], [12, 1051, 159, 488, 1541, 9, 202151952], [16, 1064, 91, 501, 1541, 9, 202151952], [20, 1077, 105, 514, 1541, 9, 202151952]]
  slot1_s11 P1 o=0xc50eab0 f=17341-17527 ctr0=186 b427=0 w428=0xfc0200 ctr_changes=185 ctr_log=[[17341, 186], [17342, 185, 10], [17343, 184, 10], [17344, 183, 10], [17345, 182, 10], [17346, 181, 10], [17347, 180, 10], [17348, 179, 10]]... end=0
     post(dt,x,y,z,code,hdr,fn): [[0, 938, 321, 439, 1541, 9, 202151952], [4, 938, 336, 424, 1541, 9, 202151952], [8, 938, 340, 404, 1541, 9, 202151952], [12, 938, 312, 385, 1541, 9, 202151952], [16, 938, 252, 366, 1541, 9, 202151952], [20, 938, 160, 348, 1541, 9, 202151952]]
  slot1_s14 P1 o=0xc514f30 f=17326-17896 ctr0=600 b427=1 w428=0x570000 ctr_changes=560 ctr_log=[[17326, 600], [17327, 599, 10], [17328, 598, 10], [17329, 597, 10], [17330, 596, 10], [17331, 595, 10], [17332, 594, 10], [17333, 593, 10]]... end=40
     post(dt,x,y,z,code,hdr,fn): [[0, -992, 180, -255, 1541, 9, 202151952], [4, -978, 208, -269, 1541, 9, 202151952], [8, -964, 204, -283, 1541, 9, 202151952], [12, -951, 168, -296, 1541, 9, 202151952], [16, -938, 100, -309, 1541, 9, 202151952], [20, -925, 105, -322, 1541, 9, 202151952]]
  slot2_s11 P1 o=0xc50c500 f=5977-6578 ctr0=600 b427=3 w428=0x1a0000 ctr_changes=599 ctr_log=[[5977, 600], [5978, 599, 10], [5979, 598, 10], [5980, 597, 10], [5981, 596, 10], [5982, 595, 10], [5983, 594, 10], [5984, 593, 10]]... end=0
     post(dt,x,y,z,code,hdr,fn): [[0, -997, 180, 833, 1541, 9, 202151952], [4, -970, 204, 833, 1541, 9, 202151952], [8, -951, 208, 833, 1541, 9, 202151952], [12, -932, 180, 833, 1541, 9, 202151952], [16, -913, 120, 833, 1541, 9, 202151952], [20, -904, 84, 833, 1541, 9, 202151952]]
  slot2_s12 P2 o=0xc512550 f=4786-5131 ctr0=600 b427=1 w428=0x2e0000 ctr_changes=340 ctr_log=[[4786, 600], [4787, 599, 10], [4788, 598, 10], [4789, 597, 10], [4790, 596, 10], [4791, 595, 10], [4792, 594, 10], [4793, 593, 10]]... end=260
     post(dt,x,y,z,code,hdr,fn): [[0, 712, 454, 394, 1541, 9, 202151952], [4, 701, 482, 378, 1541, 9, 202151952], [8, 690, 478, 362, 1541, 9, 202151952], [12, 679, 442, 346, 1541, 9, 202151952], [16, 669, 374, 330, 1541, 9, 202151952], [20, 659, 274, 315, 1541, 9, 202151952]]

=== code 0x06 -> Power Sword  holds=43 fns=['0xc0c9810']
  slot1_s11 P1 o=0xc50a380 f=8566-8791 ctr0=600 b427=3 w428=0x790000 ctr_changes=223 ctr_log=[[8566, 600], [8567, 599, 10], [8568, 598, 10], [8569, 597, 10], [8570, 596, 10], [8571, 595, 10], [8572, 594, 10], [8573, 593, 10]]... end=377
     post(dt,x,y,z,code,hdr,fn): [[0, 363, 454, -716, 1542, 9, 202151952], [4, 377, 482, -702, 1542, 9, 202151952], [8, 390, 478, -689, 1542, 9, 202151952], [12, 404, 442, -675, 1542, 9, 202151952], [16, 417, 374, -662, 1542, 9, 202151952], [20, 430, 274, -649, 1542, 9, 202151952]]
  slot1_s11 P1 o=0xc50a380 f=9406-9466 ctr0=377 b427=3 w428=0x2320100 ctr_changes=59 ctr_log=[[9406, 377], [9407, 376, 10], [9408, 375, 10], [9409, 374, 10], [9410, 373, 10], [9411, 372, 10], [9412, 371, 10], [9413, 370, 10]]... end=318
     post(dt,x,y,z,code,hdr,fn): [[0, 378, 388, -696, 1542, 9, 202151952], [4, 392, 416, -682, 1542, 9, 202151952], [8, 406, 412, -668, 1542, 9, 202151952], [12, 420, 376, -654, 1542, 9, 202151952], [16, 433, 308, -641, 1542, 9, 202151952], [20, 445, 208, -629, 1542, 9, 202151952]]
  slot1_s11 P2 o=0xc50b440 f=18691-18916 ctr0=600 b427=0 w428=0x880000 ctr_changes=220 ctr_log=[[18691, 600], [18692, 599, 10], [18693, 598, 10], [18694, 597, 10], [18695, 596, 10], [18696, 595, 10], [18697, 594, 10], [18698, 593, 10]]... end=380
     post(dt,x,y,z,code,hdr,fn): [[0, 117, 180, -522, 1542, 9, 202151952], [4, 131, 208, -508, 1542, 9, 202151952], [8, 145, 204, -495, 1542, 9, 202151952], [12, 158, 168, -481, 1542, 9, 202151952], [16, 172, 100, -468, 1542, 9, 202151952], [20, 184, 105, -455, 1542, 9, 202151952]]
  slot1_s11 P2 o=0xc50b440 f=18961-19246 ctr0=380 b427=0 w428=0xc0100 ctr_changes=279 ctr_log=[[18961, 380], [18962, 379, 10], [18963, 378, 10], [18964, 377, 10], [18965, 376, 10], [18966, 375, 10], [18967, 374, 10], [18968, 373, 10]]... end=101
     post(dt,x,y,z,code,hdr,fn): [[0, -33, 180, -240, 1542, 9, 202151952], [4, -19, 208, -254, 1542, 9, 202151952], [8, -6, 204, -267, 1542, 9, 202151952], [12, 8, 168, -281, 1542, 9, 202151952], [16, 21, 100, -294, 1542, 9, 202151952], [20, 34, 105, -307, 1542, 9, 202151952]]
  slot1_s11 P2 o=0xc50b440 f=19516-19618 ctr0=101 b427=0 w428=0xed0200 ctr_changes=100 ctr_log=[[19516, 101], [19517, 100, 10], [19518, 99, 10], [19519, 98, 10], [19520, 97, 10], [19521, 96, 10], [19522, 95, 10], [19523, 94, 10]]... end=0
     post(dt,x,y,z,code,hdr,fn): [[0, 118, 180, 67, 1542, 9, 202151952], [4, 118, 204, 53, 1542, 9, 202151952], [8, 118, 208, 33, 1542, 9, 202151952], [12, 118, 180, 14, 1542, 9, 202151952], [16, 119, 120, -5, 1542, 9, 202151952], [20, 119, 84, -14, 1542, 9, 202151952]]
  slot1_s15 P2 o=0xc50eab0 f=3406-3736 ctr0=600 b427=1 w428=0x200000 ctr_changes=324 ctr_log=[[3406, 600], [3407, 599, 10], [3408, 598, 10], [3409, 597, 10], [3410, 596, 10], [3411, 595, 10], [3412, 594, 10], [3413, 593, 10]]... end=276
     post(dt,x,y,z,code,hdr,fn): [[0, 906, 180, 189, 1542, 9, 202151952], [4, 906, 208, 208, 1542, 9, 202151952], [8, 906, 204, 228, 1542, 9, 202151952], [12, 906, 168, 247, 1542, 9, 202151952], [16, 906, 100, 265, 1542, 9, 202151952], [20, 906, 105, 283, 1542, 9, 202151952]]

=== code 0x07 -> Iron Pipe  holds=29 fns=['0xc0c9810']
  slot1_s11 P1 o=0xc50e680 f=4246-4366 ctr0=600 b427=3 w428=0x2a0000 ctr_changes=119 ctr_log=[[4246, 600], [4247, 599, 10], [4248, 598, 10], [4249, 597, 10], [4250, 596, 10], [4251, 595, 10], [4252, 594, 10], [4253, 593, 10]]... end=481
     post(dt,x,y,z,code,hdr,fn): [[0, 229, 171, -551, 1543, 9, 202151952], [4, 243, 199, -565, 1543, 9, 202151952], [8, 257, 195, -579, 1543, 9, 202151952], [12, 270, 159, -593, 1543, 9, 202151952], [16, 283, 91, -606, 1543, 9, 202151952], [20, 296, 105, -618, 1543, 9, 202151952]]
  slot1_s11 P1 o=0xc50e680 f=4786-4891 ctr0=481 b427=3 w428=0x1830100 ctr_changes=103 ctr_log=[[4786, 481], [4787, 480, 10], [4788, 479, 10], [4789, 478, 10], [4790, 477, 10], [4791, 476, 10], [4792, 475, 10], [4793, 474, 10]]... end=378
     post(dt,x,y,z,code,hdr,fn): [[0, 423, 180, -589, 1543, 9, 202151952], [4, 419, 208, -609, 1543, 9, 202151952], [8, 415, 204, -628, 1543, 9, 202151952], [12, 412, 168, -646, 1543, 9, 202151952], [16, 408, 100, -665, 1543, 9, 202151952], [20, 405, 105, -682, 1543, 9, 202151952]]
  slot1_s14 P1 o=0xc50d9f0 f=10681-10852 ctr0=600 b427=4 w428=0x160000 ctr_changes=170 ctr_log=[[10681, 600], [10682, 599, 10], [10683, 598, 10], [10684, 597, 10], [10685, 596, 10], [10686, 595, 10], [10687, 594, 10], [10688, 593, 10]]... end=430
     post(dt,x,y,z,code,hdr,fn): [[0, -722, 249, 730, 2055, 9, 202151952], [4, -723, 249, 890, 2055, 9, 202151952], [8, -724, 249, 1050, 2055, 9, 202151952], [12, -721, 266, 615, 1543, 9, 202151952], [16, -721, 286, 596, 1543, 9, 202151952], [20, -721, 274, 576, 1543, 9, 202151952]]
  slot2_s11 P4 o=0xc50eab0 f=12562-12600 ctr0=600 b427=3 w428=0x0 ctr_changes=37 ctr_log=[[12562, 600], [12563, 599, 10], [12564, 598, 10], [12565, 597, 10], [12566, 596, 10], [12567, 595, 10], [12568, 594, 10], [12569, 593, 10]]... end=563
     post(dt,x,y,z,code,hdr,fn): [[0, 231, 171, -569, 1543, 9, 202151952], [4, 251, 199, -569, 1543, 9, 202151952], [8, 270, 195, -569, 1543, 9, 202151952], [12, 289, 159, -569, 1543, 9, 202151952], [16, 307, 91, -569, 1543, 9, 202151952], [20, 325, 105, -569, 1543, 9, 202151952]]
  slot2_s11 P4 o=0xc50eab0 f=12776-13341 ctr0=563 b427=3 w428=0x8f0100 ctr_changes=562 ctr_log=[[12776, 563], [12777, 562, 10], [12778, 561, 10], [12779, 560, 10], [12780, 559, 10], [12781, 558, 10], [12782, 557, 10], [12783, 556, 10]]... end=0
     post(dt,x,y,z,code,hdr,fn): [[0, -579, 435, 404, 1543, 9, 202151952], [4, -589, 459, 415, 1543, 9, 202151952], [8, -603, 463, 429, 1543, 9, 202151952], [12, -616, 435, 442, 1543, 9, 202151952], [16, -630, 375, 455, 1543, 9, 202151952], [20, -642, 283, 468, 1543, 9, 202151952]]
  slot2_s11 P1 o=0xc511490 f=19128-19416 ctr0=600 b427=4 w428=0x0 ctr_changes=286 ctr_log=[[19128, 600], [19129, 599, 10], [19130, 598, 10], [19131, 597, 10], [19132, 596, 10], [19133, 595, 10], [19134, 594, 10], [19135, 593, 10]]... end=314
     post(dt,x,y,z,code,hdr,fn): [[0, -640, 435, 48, 1543, 9, 202151952], [4, -620, 463, 48, 1543, 9, 202151952], [8, -600, 459, 48, 1543, 9, 202151952], [12, -581, 423, 48, 1543, 9, 202151952], [16, -563, 355, 48, 1543, 9, 202151952], [20, -545, 255, 48, 1543, 9, 202151952]]

=== code 0x08 -> Small Bomb  holds=16 fns=['0xc0ca928']
  slot1_s11 P2 o=0xc509f50 f=11821-11891 ctr0=420 b427=2 w428=0x110000 ctr_changes=69 ctr_log=[[11821, 420], [11822, 419, 10], [11823, 418, 10], [11824, 417, 10], [11825, 416, 10], [11826, 415, 10], [11827, 414, 10], [11828, 413, 10]]... end=351
     post(dt,x,y,z,code,hdr,fn): [[0, -833, 415, 298, 2056, 9, 202156328], [4, -834, 415, 458, 2056, 9, 202156328], [8, -835, 415, 618, 2056, 9, 202156328], [12, -836, 415, 778, 2056, 9, 202156328], [16, -837, 415, 938, 2056, 9, 202156328], [20, -837, 395, 1098, 2056, 9, 202156328]]
  slot1_s12 P1 o=0xc50cd60 f=13816-13845 ctr0=420 b427=2 w428=0x10d0000 ctr_changes=28 ctr_log=[[13816, 420], [13817, 419, 10], [13818, 418, 10], [13819, 417, 10], [13820, 416, 10], [13821, 415, 10], [13822, 414, 10], [13823, 413, 10]]... end=0
     post(dt,x,y,z,code,hdr,fn): [[0, 0, 0, 0, 0, 0, 0], [4, 0, 0, 0, 0, 0, 0], [8, 0, 0, 0, 0, 0, 0], [12, 0, 0, 0, 0, 0, 0], [16, 0, 0, 0, 0, 0, 0], [20, 0, 0, 0, 0, 0, 0]]
  slot2_s11 P1 o=0xc511060 f=12269-12484 ctr0=420 b427=2 w428=0x110000 ctr_changes=214 ctr_log=[[12269, 420], [12270, 419, 10], [12271, 418, 10], [12272, 417, 10], [12273, 416, 10], [12274, 415, 10], [12275, 414, 10], [12276, 413, 10]]... end=206
     post(dt,x,y,z,code,hdr,fn): [[0, -816, 171, -408, 1544, 9, 202156328], [4, -809, 199, -427, 1544, 9, 202156328], [8, -803, 195, -445, 1544, 9, 202156328], [12, -796, 159, -463, 1544, 9, 202156328], [16, -790, 91, -480, 1544, 9, 202156328], [20, -784, 32, -497, 1544, 9, 202156328]]
  slot2_s12 P2 o=0xc521830 f=12451-12571 ctr0=420 b427=3 w428=0xa70000 ctr_changes=119 ctr_log=[[12451, 420], [12452, 419, 10], [12453, 418, 10], [12454, 417, 10], [12455, 416, 10], [12456, 415, 10], [12457, 414, 10], [12458, 413, 10]]... end=301
     post(dt,x,y,z,code,hdr,fn): [[0, 832, 502, 193, 1544, 9, 202156328], [4, 846, 530, 207, 1544, 9, 202156328], [8, 859, 526, 221, 1544, 9, 202156328], [12, 0, 0, 0, 0, 5, 202760092], [16, 0, 0, 0, 0, 5, 202760092], [20, 0, 0, 0, 0, 5, 202760092]]
  slot2_s13 P4 o=0xc506d10 f=16731-16751 ctr0=420 b427=3 w428=0x0 ctr_changes=19 ctr_log=[[16731, 420], [16732, 419, 10], [16733, 418, 10], [16734, 417, 10], [16735, 416, 10], [16736, 415, 10], [16737, 414, 10], [16738, 413, 10]]... end=401
     post(dt,x,y,z,code,hdr,fn): [[0, -491, 171, 661, 1544, 9, 202156328], [4, -477, 199, 675, 1544, 9, 202156328], [8, -463, 195, 689, 1544, 9, 202156328], [12, -450, 159, 702, 1544, 9, 202156328], [16, -437, 91, 715, 1544, 9, 202156328], [20, -424, 32, 728, 1544, 9, 202156328]]
  slot2_st_s22 P4 o=0xc507dd0 f=10243-10541 ctr0=420 b427=0 w428=0x0 ctr_changes=297 ctr_log=[[10243, 420], [10244, 419, 10], [10245, 418, 10], [10246, 417, 10], [10247, 416, 10], [10248, 415, 10], [10249, 414, 10], [10250, 413, 10]]... end=0
     post(dt,x,y,z,code,hdr,fn): [[0, 0, 0, 0, 0, 0, 0], [4, -2203, 124, 509, 710, 9, 202167636], [8, -2213, 272, 516, 710, 9, 202167636], [12, -2222, 388, 523, 710, 9, 202167636], [16, -2232, 472, 531, 710, 9, 202167636], [20, -2242, 524, 538, 710, 9, 202167636]]

=== code 0x09 -> Medium Bomb  holds=18 fns=['0xc0ca928']
  slot1_s11 P2 o=0xc50b870 f=14161-14216 ctr0=420 b427=2 w428=0x11b0000 ctr_changes=54 ctr_log=[[14161, 420], [14162, 419, 10], [14163, 418, 10], [14164, 417, 10], [14165, 416, 10], [14166, 415, 10], [14167, 414, 10], [14168, 413, 10]]... end=366
     post(dt,x,y,z,code,hdr,fn): [[0, -755, 141, 203, 2057, 9, 202156328], [4, -620, 138, 118, 2057, 9, 202156328], [8, -484, 136, 32, 2057, 9, 202156328], [12, -349, 133, -53, 2057, 9, 202156328], [16, -214, 130, -138, 2057, 9, 202156328], [20, 0, 0, 0, 0, 0, 0]]
  slot1_s14 P2 o=0xc50cd60 f=6511-6641 ctr0=420 b427=3 w428=0x400000 ctr_changes=129 ctr_log=[[6511, 420], [6512, 419, 10], [6513, 418, 10], [6514, 417, 10], [6515, 416, 10], [6516, 415, 10], [6517, 414, 10], [6518, 413, 10]]... end=291
     post(dt,x,y,z,code,hdr,fn): [[0, 82, 149, -578, 2057, 9, 202156328], [4, -33, 157, -468, 2057, 9, 202156328], [8, -148, 166, -357, 2057, 9, 202156328], [12, -263, 175, -246, 2057, 9, 202156328], [16, -379, 184, -136, 2057, 9, 202156328], [20, -494, 172, -25, 2057, 9, 202156328]]
  slot2_s11 P4 o=0xc50d5c0 f=7781-7944 ctr0=420 b427=0 w428=0xc30000 ctr_changes=162 ctr_log=[[7781, 420], [7782, 419, 10], [7783, 418, 10], [7784, 417, 10], [7785, 416, 10], [7786, 415, 10], [7787, 414, 10], [7788, 413, 10]]... end=0
     post(dt,x,y,z,code,hdr,fn): [[0, -764, 98, 790, 0, 5, 202698828], [4, 0, 0, 0, 0, 0, 0], [8, 0, 0, 0, 0, 0, 0], [12, 0, 0, 0, 0, 0, 0], [16, 0, 0, 0, 0, 0, 0], [20, 0, 0, 0, 0, 0, 0]]
  slot2_s11 P1 o=0xc50cd60 f=19827-19901 ctr0=420 b427=2 w428=0x0 ctr_changes=73 ctr_log=[[19827, 420], [19828, 419, 10], [19829, 418, 10], [19830, 417, 10], [19831, 416, 10], [19832, 415, 10], [19833, 414, 10], [19834, 413, 10]]... end=347
     post(dt,x,y,z,code,hdr,fn): [[0, -329, 171, 444, 1545, 9, 202156328], [4, -343, 199, 458, 1545, 9, 202156328], [8, -357, 195, 472, 1545, 9, 202156328], [12, 4, 187, 227, 0, 1, 202608656], [16, 204, 212, 97, 0, 1, 202608656], [20, 404, 237, -33, 0, 1, 202608656]]
  slot2_s14 P1 o=0xc51af80 f=17740-18098 ctr0=420 b427=0 w428=0x0 ctr_changes=357 ctr_log=[[17740, 420], [17741, 419, 10], [17742, 418, 10], [17743, 417, 10], [17744, 416, 10], [17745, 415, 10], [17746, 414, 10], [17747, 413, 10]]... end=0
     post(dt,x,y,z,code,hdr,fn): [[0, 938, 80, 332, 0, 5, 202698828], [4, 0, 0, 0, 257, 5, 202705452], [8, 0, 0, 0, 514, 5, 202705452], [12, 0, 0, 0, 771, 5, 202705452], [16, 0, 0, 0, 1028, 5, 202705452], [20, 0, 0, 0, 1285, 5, 202705452]]
  slot2_s15 P4 o=0xc50fb70 f=2811-3161 ctr0=420 b427=4 w428=0x0 ctr_changes=349 ctr_log=[[2811, 420], [2812, 419, 10], [2813, 418, 10], [2814, 417, 10], [2815, 416, 10], [2816, 415, 10], [2817, 414, 10], [2818, 413, 10]]... end=71
     post(dt,x,y,z,code,hdr,fn): [[0, 139, 171, 1104, 1545, 9, 202156328], [4, 119, 199, 1104, 1545, 9, 202156328], [8, 0, 0, 0, 0, 0, 0], [12, 0, 0, 0, 0, 0, 0], [16, 0, 0, 0, 0, 5, 202708116], [20, 0, 0, 0, 0, 5, 202708116]]

=== code 0x0a -> Large Bomb  holds=19 fns=['0xc0ca928']
  slot1_s12 P1 o=0xc50de20 f=4906-4964 ctr0=420 b427=4 w428=0x3a0000 ctr_changes=57 ctr_log=[[4906, 420], [4907, 419, 10], [4908, 418, 10], [4909, 417, 10], [4910, 416, 10], [4911, 415, 10], [4912, 414, 10], [4913, 413, 10]]... end=363
     post(dt,x,y,z,code,hdr,fn): [[0, -595, 559, 407, 2058, 9, 202156328], [4, -436, 548, 410, 2058, 9, 202156328], [8, -276, 537, 414, 2058, 9, 202156328], [12, -116, 526, 417, 2058, 9, 202156328], [16, 43, 515, 420, 2058, 9, 202156328], [20, 203, 484, 424, 2058, 9, 202156328]]
  slot1_s14 P1 o=0xc50d9f0 f=16096-16156 ctr0=420 b427=4 w428=0x0 ctr_changes=59 ctr_log=[[16096, 420], [16097, 419, 10], [16098, 418, 10], [16099, 417, 10], [16100, 416, 10], [16101, 415, 10], [16102, 414, 10], [16103, 413, 10]]... end=361
     post(dt,x,y,z,code,hdr,fn): [[0, -544, 161, 728, 2058, 9, 202156328], [4, -430, 161, 841, 2058, 9, 202156328], [8, -317, 161, 954, 2058, 9, 202156328], [12, -204, 161, 1067, 2058, 9, 202156328], [16, -91, 161, 1180, 2058, 9, 202156328], [20, 0, 0, 0, 0, 0, 0]]
  slot1_s15 P2 o=0xc50ffa0 f=5836-5881 ctr0=420 b427=1 w428=0x6e0000 ctr_changes=44 ctr_log=[[5836, 420], [5837, 419, 10], [5838, 418, 10], [5839, 417, 10], [5840, 416, 10], [5841, 415, 10], [5842, 414, 10], [5843, 413, 10]]... end=376
     post(dt,x,y,z,code,hdr,fn): [[0, 402, 161, 865, 2058, 9, 202156328], [4, 289, 161, 978, 2058, 9, 202156328], [8, 176, 161, 1091, 2058, 9, 202156328], [12, 63, 161, 1180, 2058, 9, 202156328], [16, 0, 0, 0, 0, 0, 0], [20, 0, 0, 0, 0, 0, 0]]
  slot2_s11 P3 o=0xc5131e0 f=11970-12007 ctr0=420 b427=4 w428=0x0 ctr_changes=36 ctr_log=[[11970, 420], [11971, 419, 10], [11972, 418, 10], [11973, 417, 10], [11974, 416, 10], [11975, 415, 10], [11976, 414, 10], [11977, 413, 10]]... end=384
     post(dt,x,y,z,code,hdr,fn): [[0, 289, 110, -502, 2058, 9, 202156328], [4, 261, 137, -425, 0, 5, 202698828], [8, 0, 0, 0, 0, 0, 0], [12, 0, 0, 0, 0, 0, 0], [16, 0, 0, 0, 0, 0, 0], [20, 0, 0, 0, 0, 0, 0]]
  slot2_s13 P3 o=0xc50d9f0 f=7307-7727 ctr0=420 b427=3 w428=0x1e0000 ctr_changes=419 ctr_log=[[7307, 420], [7308, 419, 10], [7309, 418, 10], [7310, 417, 10], [7311, 416, 10], [7312, 415, 10], [7313, 414, 10], [7314, 413, 10]]... end=0
     post(dt,x,y,z,code,hdr,fn): [[0, -1136, 180, 42, 1546, 9, 202156328], [4, -1146, 195, 53, 1546, 9, 202156328], [8, -1150, 199, 67, 1546, 9, 202156328], [12, -1150, 171, 80, 1546, 9, 202156328], [16, -1150, 111, 93, 1546, 9, 202156328], [20, -1150, 50, 103, 1546, 9, 202156328]]
  slot2_s13 P4 o=0xc518e00 f=17419-17430 ctr0=420 b427=0 w428=0x0 ctr_changes=10 ctr_log=[[17419, 420], [17420, 419, 10], [17421, 418, 10], [17422, 417, 10], [17423, 416, 10], [17424, 415, 10], [17425, 414, 10], [17426, 413, 10]]... end=410
     post(dt,x,y,z,code,hdr,fn): [[0, 670, 171, 768, 1546, 9, 202156328], [4, 690, 199, 766, 1546, 9, 202156328], [8, 709, 195, 763, 1546, 9, 202156328], [12, 728, 159, 761, 1546, 9, 202156328], [16, 746, 91, 758, 1546, 9, 202156328], [20, 0, 0, 0, 0, 5, 202733256]]

=== code 0x0b -> Fire-Bottle  holds=26 fns=['0xc0c9810']
  slot1_s11 P1 o=0xc50abe0 f=1951-2021 ctr0=10 b427=3 w428=0x380000 ctr_changes=0 ctr_log=[[1951, 10]] end=10
     post(dt,x,y,z,code,hdr,fn): [[0, 239, 141, -513, 2059, 9, 202151952], [4, 85, 133, -473, 2059, 9, 202151952], [8, -70, 126, -432, 2059, 9, 202151952], [12, -225, 118, -392, 2059, 9, 202151952], [16, -341, 113, -362, 2827, 9, 202151952], [20, 0, 0, 0, 0, 0, 0]]
  slot1_s13 P1 o=0xc50bca0 f=10081-10216 ctr0=10 b427=1 w428=0x1a0000 ctr_changes=0 ctr_log=[[10081, 10]] end=10
     post(dt,x,y,z,code,hdr,fn): [[0, -782, 171, 40, 1547, 9, 202151952], [4, -768, 199, 54, 1547, 9, 202151952], [8, -755, 195, 68, 1547, 9, 202151952], [12, -741, 159, 81, 1547, 9, 202151952], [16, -728, 91, 95, 1547, 9, 202151952], [20, -715, 70, 107, 1547, 9, 202151952]]
  slot1_s13 P1 o=0xc50bca0 f=10336-10466 ctr0=10 b427=1 w428=0x560100 ctr_changes=0 ctr_log=[[10336, 10]] end=10
     post(dt,x,y,z,code,hdr,fn): [[0, -876, 141, 642, 2059, 9, 202151952], [4, -877, 141, 802, 2059, 9, 202151952], [8, -878, 141, 962, 2059, 9, 202151952], [12, 0, 0, 0, 0, 0, 0], [16, 0, 0, 0, 0, 0, 0], [20, 0, 0, 0, 0, 0, 0]]
  slot1_s16 P2 o=0xc5103d0 f=15301-15341 ctr0=10 b427=3 w428=0x910000 ctr_changes=0 ctr_log=[[15301, 10]] end=10
     post(dt,x,y,z,code,hdr,fn): [[0, 258, 171, -682, 1547, 9, 202151952], [4, 275, 199, -673, 1547, 9, 202151952], [8, 293, 195, -664, 1547, 9, 202151952], [12, 309, 159, -655, 1547, 9, 202151952], [16, 326, 91, -647, 1547, 9, 202151952], [20, 342, 70, -639, 1547, 9, 202151952]]
  slot1_s16 P1 o=0xc5103d0 f=15391-15446 ctr0=10 b427=3 w428=0x100100 ctr_changes=0 ctr_log=[[15391, 10]] end=10
     post(dt,x,y,z,code,hdr,fn): [[0, 115, 141, -765, 2059, 9, 202151952], [4, 2, 141, -878, 2059, 9, 202151952], [8, -111, 141, -991, 2059, 9, 202151952], [12, -224, 141, -1105, 2059, 9, 202151952], [16, -338, 141, -1190, 2059, 9, 202151952], [20, 0, 0, 0, 0, 0, 0]]
  slot2_s11 P4 o=0xc5146d0 f=16905-17033 ctr0=10 b427=0 w428=0x0 ctr_changes=0 ctr_log=[[16905, 10]] end=10
     post(dt,x,y,z,code,hdr,fn): [[0, -407, 141, -611, 2059, 9, 202151952], [4, -563, 118, -632, 2059, 9, 202151952], [8, 0, 0, 0, 0, 0, 0], [12, 0, 0, 0, 0, 0, 0], [16, 0, 0, 0, 0, 0, 0], [20, 0, 0, 0, 0, 0, 0]]

=== code 0x0c -> Machine Gun  holds=36 fns=['0xc0c9810']
  slot1_s11 P2 o=0xc50ffa0 f=15016-15091 ctr0=25 b427=3 w428=0x10000 ctr_changes=0 ctr_log=[[15016, 25]] end=25
     post(dt,x,y,z,code,hdr,fn): [[0, -500, 171, 126, 1548, 9, 202151952], [4, -500, 199, 146, 1548, 9, 202151952], [8, -500, 195, 165, 1548, 9, 202151952], [12, -500, 159, 184, 1548, 9, 202151952], [16, -500, 91, 203, 1548, 9, 202151952], [20, -500, 73, 221, 1548, 9, 202151952]]
  slot2_s12 P1 o=0xc515bc0 f=915-1078 ctr0=25 b427=5 w428=0x60000 ctr_changes=0 ctr_log=[[915, 25]] end=25
     post(dt,x,y,z,code,hdr,fn): [[0, -623, 171, 162, 1548, 9, 202151952], [4, -637, 199, 176, 1548, 9, 202151952], [8, -650, 195, 190, 1548, 9, 202151952], [12, -664, 159, 203, 1548, 9, 202151952], [16, -677, 91, 217, 1548, 9, 202151952], [20, -690, 73, 229, 1548, 9, 202151952]]
  slot2_s12 P4 o=0xc515bc0 f=1378-1415 ctr0=25 b427=5 w428=0x10a0100 ctr_changes=0 ctr_log=[[1378, 25]] end=25
     post(dt,x,y,z,code,hdr,fn): [[0, -747, 171, 160, 1548, 9, 202151952], [4, -746, 199, 180, 1548, 9, 202151952], [8, -745, 195, 200, 1548, 9, 202151952], [12, -744, 159, 219, 1548, 9, 202151952], [16, -743, 91, 237, 1548, 9, 202151952], [20, -743, 73, 255, 1548, 9, 202151952]]
  slot2_s12 P2 o=0xc515bc0 f=1636-1639 ctr0=25 b427=5 w428=0xbb0200 ctr_changes=0 ctr_log=[[1636, 25]] end=25
     post(dt,x,y,z,code,hdr,fn): [[0, -643, 171, 284, 1548, 9, 202151952], [4, -640, 199, 264, 1548, 9, 202151952], [8, -640, 195, 245, 1548, 9, 202151952], [12, -639, 159, 226, 1548, 9, 202151952], [16, -639, 91, 207, 1548, 9, 202151952], [20, -639, 73, 189, 1548, 9, 202151952]]
  slot2_s12 P3 o=0xc51c8a0 f=9635-9701 ctr0=25 b427=4 w428=0x510000 ctr_changes=0 ctr_log=[[9635, 25]] end=25
     post(dt,x,y,z,code,hdr,fn): [[0, 542, 279, -457, 1548, 9, 202151952], [4, 528, 307, -471, 1548, 9, 202151952], [8, 514, 303, -485, 1548, 9, 202151952], [12, 501, 267, -498, 1548, 9, 202151952], [16, 488, 199, -511, 1548, 9, 202151952], [20, 475, 99, -524, 1548, 9, 202151952]]
  slot2_s12 P3 o=0xc51c8a0 f=9951-10256 ctr0=25 b427=4 w428=0xd00100 ctr_changes=12 ctr_log=[[9951, 25], [10016, 24, 8], [10021, 23, 8], [10026, 22, 8], [10031, 21, 8], [10036, 20, 8], [10041, 19, 8], [10222, 18, 8]]... end=13
     post(dt,x,y,z,code,hdr,fn): [[0, 443, 171, 450, 1548, 9, 202151952], [4, 428, 199, 437, 1548, 9, 202151952], [8, 413, 195, 425, 1548, 9, 202151952], [12, 399, 159, 413, 1548, 9, 202151952], [16, 384, 91, 401, 1548, 9, 202151952], [20, 370, 73, 389, 1548, 9, 202151952]]

=== code 0x0d -> Ray Gun  holds=26 fns=['0xc0c9810']
  slot1_s12 P1 o=0xc50b440 f=5656-5701 ctr0=5 b427=4 w428=0x18a0000 ctr_changes=0 ctr_log=[[5656, 5]] end=5
     post(dt,x,y,z,code,hdr,fn): [[0, -649, 388, 689, 1549, 9, 202151952], [4, -635, 416, 703, 1549, 9, 202151952], [8, -622, 412, 716, 1549, 9, 202151952], [12, -608, 376, 730, 1549, 9, 202151952], [16, -595, 308, 743, 1549, 9, 202151952], [20, -582, 208, 756, 1549, 9, 202151952]]
  slot2_s11 P3 o=0xc50d9f0 f=2917-2931 ctr0=5 b427=3 w428=0x1a00000 ctr_changes=0 ctr_log=[[2917, 5]] end=5
     post(dt,x,y,z,code,hdr,fn): [[0, -584, 171, 812, 1549, 9, 202151952], [4, -603, 199, 809, 1549, 9, 202151952], [8, -622, 195, 805, 1549, 9, 202151952], [12, -641, 159, 802, 1549, 9, 202151952], [16, -659, 91, 798, 1549, 9, 202151952], [20, -677, 70, 795, 1549, 9, 202151952]]
  slot2_s11 P2 o=0xc50d9f0 f=2971-3256 ctr0=5 b427=3 w428=0x60100 ctr_changes=1 ctr_log=[[2971, 5], [3011, 4, 8]] end=4
     post(dt,x,y,z,code,hdr,fn): [[0, -1057, 171, 454, 1549, 9, 202151952], [4, -1043, 199, 440, 1549, 9, 202151952], [8, -1030, 195, 426, 1549, 9, 202151952], [12, -1016, 159, 413, 1549, 9, 202151952], [16, -1003, 91, 399, 1549, 9, 202151952], [20, -990, 70, 387, 1549, 9, 202151952]]
  slot2_s11 P2 o=0xc50d9f0 f=3541-3781 ctr0=4 b427=3 w428=0xfb0200 ctr_changes=2 ctr_log=[[3541, 4], [3671, 3, 8], [3716, 2, 8]] end=2
     post(dt,x,y,z,code,hdr,fn): [[0, -951, 171, 508, 1549, 9, 202151952], [4, -965, 199, 522, 1549, 9, 202151952], [8, -979, 195, 535, 1549, 9, 202151952], [12, -992, 159, 549, 1549, 9, 202151952], [16, -1005, 91, 562, 1549, 9, 202151952], [20, -1018, 70, 575, 1549, 9, 202151952]]
  slot2_s11 P3 o=0xc50eee0 f=7200-7712 ctr0=5 b427=5 w428=0x940000 ctr_changes=0 ctr_log=[[7200, 5]] end=5
     post(dt,x,y,z,code,hdr,fn): [[0, -1103, 171, 428, 1549, 9, 202151952], [4, -1103, 199, 408, 1549, 9, 202151952], [8, -1103, 195, 389, 1549, 9, 202151952], [12, -1103, 159, 370, 1549, 9, 202151952], [16, -1103, 91, 351, 1549, 9, 202151952], [20, -1103, 70, 333, 1549, 9, 202151952]]
  slot2_s11 P4 o=0xc50c500 f=17361-17543 ctr0=5 b427=5 w428=0x0 ctr_changes=0 ctr_log=[[17361, 5]] end=5
     post(dt,x,y,z,code,hdr,fn): [[0, -782, 171, -170, 1549, 9, 202151952], [4, -782, 199, -150, 1549, 9, 202151952], [8, -782, 195, -130, 1549, 9, 202151952], [12, -782, 159, -111, 1549, 9, 202151952], [16, -782, 91, -93, 1549, 9, 202151952], [20, -781, 70, -75, 1549, 9, 202151952]]

=== code 0x0e -> Magic Stick  holds=27 fns=['0xc0c9810']
  slot1_s15 P1 o=0xc508200 f=9241-9286 ctr0=420 b427=3 w428=0x1d70000 ctr_changes=44 ctr_log=[[9241, 420], [9242, 419, 10], [9243, 418, 10], [9244, 417, 10], [9245, 416, 10], [9246, 415, 10], [9247, 414, 10], [9248, 413, 10]]... end=376
     post(dt,x,y,z,code,hdr,fn): [[0, 380, 171, -563, 1550, 9, 202151952], [4, 394, 199, -549, 1550, 9, 202151952], [8, 408, 195, -535, 1550, 9, 202151952], [12, 421, 159, -521, 1550, 9, 202151952], [16, 434, 91, -508, 1550, 9, 202151952], [20, 447, 14, -495, 1550, 9, 202151952]]
  slot1_s15 P1 o=0xc508200 f=9391-9541 ctr0=376 b427=3 w428=0x430100 ctr_changes=148 ctr_log=[[9391, 376], [9392, 375, 10], [9393, 374, 10], [9394, 373, 10], [9395, 372, 10], [9396, 371, 10], [9397, 370, 10], [9398, 369, 10]]... end=228
     post(dt,x,y,z,code,hdr,fn): [[0, 464, 180, -504, 1550, 9, 202151952], [4, 464, 208, -484, 1550, 9, 202151952], [8, 464, 204, -465, 1550, 9, 202151952], [12, 464, 168, -446, 1550, 9, 202151952], [16, 464, 100, -427, 1550, 9, 202151952], [20, 464, 14, -409, 1550, 9, 202151952]]
  slot1_s16 P1 o=0xc510800 f=3721-3931 ctr0=420 b427=4 w428=0x250000 ctr_changes=207 ctr_log=[[3721, 420], [3722, 419, 10], [3723, 418, 10], [3724, 417, 10], [3725, 416, 10], [3726, 415, 10], [3727, 414, 10], [3728, 413, 10]]... end=213
     post(dt,x,y,z,code,hdr,fn): [[0, -390, 180, 847, 1550, 9, 202151952], [4, -404, 208, 833, 1550, 9, 202151952], [8, -418, 204, 819, 1550, 9, 202151952], [12, -431, 168, 806, 1550, 9, 202151952], [16, -444, 100, 793, 1550, 9, 202151952], [20, -457, 14, 780, 1550, 9, 202151952]]
  slot1_s16 P1 o=0xc510800 f=4201-4411 ctr0=213 b427=4 w428=0xe80100 ctr_changes=207 ctr_log=[[4201, 213], [4202, 212, 10], [4203, 211, 10], [4204, 210, 10], [4205, 209, 10], [4206, 208, 10], [4207, 207, 10], [4208, 206, 10]]... end=6
     post(dt,x,y,z,code,hdr,fn): [[0, -580, 180, 590, 1550, 9, 202151952], [4, -566, 208, 576, 1550, 9, 202151952], [8, -553, 204, 563, 1550, 9, 202151952], [12, -539, 168, 549, 1550, 9, 202151952], [16, -526, 100, 536, 1550, 9, 202151952], [20, -513, 14, 523, 1550, 9, 202151952]]
  slot1_s16 P1 o=0xc510800 f=4621-4627 ctr0=6 b427=4 w428=0xac0200 ctr_changes=5 ctr_log=[[4621, 6], [4622, 5, 10], [4623, 4, 10], [4624, 3, 10], [4625, 2, 10], [4626, 1, 10]] end=0
     post(dt,x,y,z,code,hdr,fn): [[0, -544, 180, 647, 1550, 9, 202151952], [4, -554, 195, 657, 1550, 9, 202151952], [8, -568, 199, 671, 1550, 9, 202151952], [12, -581, 171, 684, 1550, 9, 202151952], [16, -595, 111, 698, 1550, 9, 202151952], [20, -607, 19, 710, 1550, 9, 202151952]]
  slot2_s11 P3 o=0xc519ec0 f=14586-14875 ctr0=420 b427=5 w428=0x10000 ctr_changes=287 ctr_log=[[14586, 420], [14587, 419, 10], [14588, 418, 10], [14589, 417, 10], [14590, 416, 10], [14591, 415, 10], [14592, 414, 10], [14593, 413, 10]]... end=133
     post(dt,x,y,z,code,hdr,fn): [[0, -547, 180, 669, 1550, 9, 202151952], [4, -528, 208, 668, 1550, 9, 202151952], [8, -508, 204, 666, 1550, 9, 202151952], [12, -489, 168, 664, 1550, 9, 202151952], [16, -471, 100, 663, 1550, 9, 202151952], [20, -453, 14, 661, 1550, 9, 202151952]]

=== code 0x0f -> Power Shield  holds=21 fns=['0xc0c9810']
  slot1_s11 P1 o=0xc50abe0 f=12226-12256 ctr0=420 b427=3 w428=0x670000 ctr_changes=29 ctr_log=[[12226, 420], [12227, 419, 10], [12228, 418, 10], [12229, 417, 10], [12230, 416, 10], [12231, 415, 10], [12232, 414, 10], [12233, 413, 10]]... end=391
     post(dt,x,y,z,code,hdr,fn): [[0, 388, 171, -587, 1551, 9, 202151952], [4, 374, 199, -573, 1551, 9, 202151952], [8, 360, 195, -559, 1551, 9, 202151952], [12, 347, 159, -545, 1551, 9, 202151952], [16, 334, 91, -532, 1551, 9, 202151952], [20, 321, 97, -520, 1551, 9, 202151952]]
  slot2_s12 P4 o=0xc51fae0 f=7632-7688 ctr0=420 b427=2 w428=0x950000 ctr_changes=55 ctr_log=[[7632, 420], [7633, 419, 36], [7634, 418, 36], [7635, 417, 36], [7636, 416, 36], [7637, 415, 36], [7638, 414, 36], [7639, 413, 36]]... end=365
     post(dt,x,y,z,code,hdr,fn): [[0, 42, 551, 658, 1551, 9, 202151952], [4, 28, 579, 672, 1551, 9, 202151952], [8, 14, 575, 686, 1551, 9, 202151952], [12, 1, 539, 699, 1551, 9, 202151952], [16, -12, 471, 712, 1551, 9, 202151952], [20, -25, 371, 725, 1551, 9, 202151952]]
  slot2_s12 P3 o=0xc51fae0 f=8205-8273 ctr0=365 b427=2 w428=0x1ce0100 ctr_changes=67 ctr_log=[[8205, 365], [8206, 364, 10], [8207, 363, 10], [8208, 362, 10], [8209, 361, 10], [8210, 360, 10], [8211, 359, 10], [8212, 358, 10]]... end=298
     post(dt,x,y,z,code,hdr,fn): [[0, 193, 171, 422, 1551, 9, 202151952], [4, 198, 199, 442, 1551, 9, 202151952], [8, 203, 195, 460, 1551, 9, 202151952], [12, 207, 159, 479, 1551, 9, 202151952], [16, 212, 91, 497, 1551, 9, 202151952], [20, 217, 97, 514, 1551, 9, 202151952]]
  slot2_s12 P1 o=0xc51fae0 f=8345-8643 ctr0=298 b427=2 w428=0x270200 ctr_changes=297 ctr_log=[[8345, 298], [8346, 297, 10], [8347, 296, 10], [8348, 295, 10], [8349, 294, 10], [8350, 293, 10], [8351, 292, 10], [8352, 291, 10]]... end=0
     post(dt,x,y,z,code,hdr,fn): [[0, 85, 180, 186, 1551, 9, 202151952], [4, 106, 195, 133, 1551, 9, 202151952], [8, 92, 199, 140, 1551, 9, 202151952], [12, 78, 171, 149, 1551, 9, 202151952], [16, 65, 111, 162, 1551, 9, 202151952], [20, 59, 76, 168, 1551, 9, 202151952]]
  slot2_s13 P2 o=0xc512120 f=12931-12961 ctr0=420 b427=0 w428=0x2060000 ctr_changes=29 ctr_log=[[12931, 420], [12932, 419, 10], [12933, 418, 10], [12934, 417, 10], [12935, 416, 10], [12936, 415, 10], [12937, 414, 10], [12938, 413, 10]]... end=391
     post(dt,x,y,z,code,hdr,fn): [[0, 902, 171, 402, 1551, 9, 202151952], [4, 888, 199, 416, 1551, 9, 202151952], [8, 874, 195, 429, 1551, 9, 202151952], [12, 861, 159, 443, 1551, 9, 202151952], [16, 848, 91, 456, 1551, 9, 202151952], [20, 835, 97, 469, 1551, 9, 202151952]]
  slot2_s16 P4 o=0xc50f310 f=2882-3224 ctr0=420 b427=2 w428=0x450000 ctr_changes=341 ctr_log=[[2882, 420], [2883, 419, 10], [2884, 418, 10], [2885, 417, 10], [2886, 416, 10], [2887, 415, 10], [2888, 414, 10], [2889, 413, 10]]... end=79
     post(dt,x,y,z,code,hdr,fn): [[0, -824, 473, 402, 1551, 9, 202151952], [4, -821, 501, 383, 1551, 9, 202151952], [8, -818, 497, 364, 1551, 9, 202151952], [12, -815, 461, 345, 1551, 9, 202151952], [16, -812, 393, 327, 1551, 9, 202151952], [20, -809, 293, 309, 1551, 9, 202151952]]

=== code 0x13 -> Flame Sword  holds=6 fns=['0xc0c9810']
  slot2_s12 P1 o=0xc517d40 f=17138-17516 ctr0=600 b427=4 w428=0x1750000 ctr_changes=377 ctr_log=[[17138, 600], [17139, 599, 10], [17140, 598, 10], [17141, 597, 10], [17142, 596, 10], [17143, 595, 10], [17144, 594, 10], [17145, 593, 10]]... end=223
     post(dt,x,y,z,code,hdr,fn): [[0, 595, 171, 216, 1555, 9, 202151952], [4, 575, 199, 215, 1555, 9, 202151952], [8, 556, 195, 213, 1555, 9, 202151952], [12, 537, 159, 212, 1555, 9, 202151952], [16, 519, 105, 210, 1555, 9, 202151952], [20, 501, 128, 209, 1555, 9, 202151952]]
  slot2_s12 P2 o=0xc517d40 f=17881-18106 ctr0=223 b427=4 w428=0x14e0100 ctr_changes=222 ctr_log=[[17881, 223], [17882, 222, 10], [17883, 221, 10], [17884, 220, 10], [17885, 219, 10], [17886, 218, 10], [17887, 217, 10], [17888, 216, 10]]... end=0
     post(dt,x,y,z,code,hdr,fn): [[0, 955, 180, 297, 1555, 9, 202151952], [4, 950, 204, 283, 1555, 9, 202151952], [8, 943, 208, 265, 1555, 9, 202151952], [12, 937, 180, 247, 1555, 9, 202151952], [16, 930, 120, 229, 1555, 9, 202151952], [20, 929, 105, 225, 1555, 9, 202151952]]
  slot2_st_s23 P2 o=0xc50d190 f=2266-2506 ctr0=600 b427=0 w428=0x1450000 ctr_changes=237 ctr_log=[[2266, 600], [2267, 599, 10], [2268, 598, 10], [2269, 597, 10], [2270, 596, 10], [2271, 595, 10], [2272, 594, 10], [2273, 593, 10]]... end=363
     post(dt,x,y,z,code,hdr,fn): [[0, 786, 180, 22, 1555, 9, 202151952], [4, 801, 208, 35, 1555, 9, 202151952], [8, 815, 204, 48, 1555, 9, 202151952], [12, 830, 168, 60, 1555, 9, 202151952], [16, 844, 105, 72, 1555, 9, 202151952], [20, 857, 128, 84, 1555, 9, 202151952]]
  slot2_st_s23 P1 o=0xc50d190 f=3043-3131 ctr0=363 b427=0 w428=0x1fa0100 ctr_changes=87 ctr_log=[[3043, 363], [3044, 362, 10], [3045, 361, 10], [3046, 360, 10], [3047, 359, 10], [3048, 358, 10], [3049, 357, 10], [3050, 356, 10]]... end=276
     post(dt,x,y,z,code,hdr,fn): [[0, 760, 171, -371, 1555, 9, 202151952], [4, 763, 199, -352, 1555, 9, 202151952], [8, 766, 195, -333, 1555, 9, 202151952], [12, 769, 159, -314, 1555, 9, 202151952], [16, 773, 105, -296, 1555, 9, 202151952], [20, 776, 128, -278, 1555, 9, 202151952]]
  slot2_st_s23 P2 o=0xc50d190 f=3181-3442 ctr0=276 b427=0 w428=0x130200 ctr_changes=260 ctr_log=[[3181, 276], [3182, 275, 10], [3183, 274, 10], [3184, 273, 10], [3185, 272, 10], [3186, 271, 10], [3187, 270, 10], [3188, 269, 10]]... end=16
     post(dt,x,y,z,code,hdr,fn): [[0, 447, 171, -158, 1555, 9, 202151952], [4, 462, 199, -144, 1555, 9, 202151952], [8, 476, 195, -131, 1555, 9, 202151952], [12, 490, 159, -118, 1555, 9, 202151952], [16, 504, 105, -106, 1555, 9, 202151952], [20, 517, 128, -94, 1555, 9, 202151952]]
  slot3_s16 P1 o=0xc50ffa0 f=5212-5827 ctr0=600 b427=0 w428=0x1590000 ctr_changes=600 ctr_log=[[5212, 600], [5213, 599, 10], [5214, 598, 10], [5215, 597, 10], [5216, 596, 10], [5217, 595, 10], [5218, 594, 10], [5219, 593, 10]]... end=0
     post(dt,x,y,z,code,hdr,fn): [[0, 244, 183, -976, 1555, 9, 202151952], [4, 228, 211, -963, 1555, 9, 202151952], [8, 214, 207, -951, 1555, 9, 202151952], [12, 199, 171, -939, 1555, 9, 202151952], [16, 185, 105, -927, 1555, 9, 202151952], [20, 185, 105, -927, 1555, 9, 202151952]]

=== code 0x19 -> Umbrella  holds=15 fns=['0xc0c9810']
  slot1_s13 P1 o=0xc50e250 f=4831-5326 ctr0=600 b427=0 w428=0x10000 ctr_changes=489 ctr_log=[[4831, 600], [4832, 599, 10], [4833, 598, 10], [4834, 597, 10], [4835, 596, 10], [4836, 595, 10], [4837, 594, 10], [4838, 593, 10]]... end=111
     post(dt,x,y,z,code,hdr,fn): [[0, 1036, 180, 88, 1561, 9, 202151952], [4, 1050, 208, 74, 1561, 9, 202151952], [8, 1064, 204, 61, 1561, 9, 202151952], [12, 1077, 168, 47, 1561, 9, 202151952], [16, 1090, 100, 34, 1561, 9, 202151952], [20, 1103, 81, 21, 1561, 9, 202151952]]
  slot1_s15 P1 o=0xc50c0d0 f=16306-16914 ctr0=600 b427=5 w428=0xd0000 ctr_changes=599 ctr_log=[[16306, 600], [16307, 599, 10], [16308, 598, 10], [16309, 597, 10], [16310, 596, 10], [16311, 595, 10], [16312, 594, 10], [16313, 593, 10]]... end=0
     post(dt,x,y,z,code,hdr,fn): [[0, 214, 180, 635, 1561, 9, 202151952], [4, 207, 204, 648, 1561, 9, 202151952], [8, 197, 208, 665, 1561, 9, 202151952], [12, 188, 180, 682, 1561, 9, 202151952], [16, 180, 120, 699, 1561, 9, 202151952], [20, 173, 66, 711, 1561, 9, 202151952]]
  slot1_s16 P1 o=0xc5096f0 f=856-886 ctr0=600 b427=5 w428=0x9a0000 ctr_changes=29 ctr_log=[[856, 600], [857, 599, 10], [858, 598, 10], [859, 597, 10], [860, 596, 10], [861, 595, 10], [862, 594, 10], [863, 593, 10]]... end=571
     post(dt,x,y,z,code,hdr,fn): [[0, 767, 171, 867, 1561, 9, 202151952], [4, 767, 199, 887, 1561, 9, 202151952], [8, 767, 195, 906, 1561, 9, 202151952], [12, 767, 159, 925, 1561, 9, 202151952], [16, 767, 91, 943, 1561, 9, 202151952], [20, 767, 81, 962, 1561, 9, 202151952]]
  slot2_s11 P1 o=0xc5118c0 f=2878-2887 ctr0=600 b427=1 w428=0x170000 ctr_changes=8 ctr_log=[[2878, 600], [2879, 599, 10], [2880, 598, 10], [2881, 597, 10], [2882, 596, 10], [2883, 595, 10], [2884, 594, 10], [2885, 593, 10]]... end=592
     post(dt,x,y,z,code,hdr,fn): [[0, -721, 171, 401, 1561, 9, 202151952], [4, -736, 199, 414, 1561, 9, 202151952], [8, -751, 195, 426, 1561, 9, 202151952], [12, -766, 159, 438, 1561, 9, 202151952], [16, -780, 91, 450, 1561, 9, 202151952], [20, -794, 81, 462, 1561, 9, 202151952]]
  slot2_s11 P1 o=0xc513610 f=13371-13387 ctr0=600 b427=0 w428=0x2d0000 ctr_changes=15 ctr_log=[[13371, 600], [13372, 599, 10], [13373, 598, 10], [13374, 597, 10], [13375, 596, 10], [13376, 595, 10], [13377, 594, 10], [13378, 593, 10]]... end=585
     post(dt,x,y,z,code,hdr,fn): [[0, -609, 171, 457, 1561, 9, 202151952], [4, -621, 199, 472, 1561, 9, 202151952], [8, -633, 195, 488, 1561, 9, 202151952], [12, -645, 159, 502, 1561, 9, 202151952], [16, -656, 91, 517, 1561, 9, 202151952], [20, -668, 81, 531, 1561, 9, 202151952]]
  slot2_s11 P4 o=0xc513610 f=13436-14023 ctr0=585 b427=0 w428=0x110100 ctr_changes=584 ctr_log=[[13436, 585], [13437, 584, 10], [13438, 583, 10], [13439, 582, 10], [13440, 581, 10], [13441, 580, 10], [13442, 579, 10], [13443, 578, 10]]... end=0
     post(dt,x,y,z,code,hdr,fn): [[0, 3, 180, 605, 1561, 9, 202151952], [4, -12, 204, 605, 1561, 9, 202151952], [8, -32, 208, 605, 1561, 9, 202151952], [12, -51, 180, 605, 1561, 9, 202151952], [16, -70, 120, 605, 1561, 9, 202151952], [20, -83, 66, 605, 1561, 9, 202151952]]

=== code 0x1d -> Toy Hammer  holds=25 fns=['0xc0c9810']
  slot1_s11 P1 o=0xc5092c0 f=6166-6241 ctr0=600 b427=3 w428=0x190000 ctr_changes=74 ctr_log=[[6166, 600], [6167, 599, 10], [6168, 598, 10], [6169, 597, 10], [6170, 596, 10], [6171, 595, 10], [6172, 594, 10], [6173, 593, 10]]... end=526
     post(dt,x,y,z,code,hdr,fn): [[0, 235, 487, -825, 1565, 9, 202151952], [4, 235, 515, -806, 1565, 9, 202151952], [8, 235, 511, -786, 1565, 9, 202151952], [12, 235, 475, -767, 1565, 9, 202151952], [16, 235, 407, -749, 1565, 9, 202151952], [20, 235, 307, -731, 1565, 9, 202151952]]
  slot1_s14 P1 o=0xc5096f0 f=811-1111 ctr0=600 b427=2 w428=0x1210000 ctr_changes=294 ctr_log=[[811, 600], [812, 599, 10], [813, 598, 10], [814, 597, 10], [815, 596, 10], [816, 595, 10], [817, 594, 10], [818, 593, 10]]... end=306
     post(dt,x,y,z,code,hdr,fn): [[0, 11, 180, 751, 1565, 9, 202151952], [4, -3, 208, 765, 1565, 9, 202151952], [8, -17, 204, 779, 1565, 9, 202151952], [12, -30, 168, 793, 1565, 9, 202151952], [16, -43, 100, 806, 1565, 9, 202151952], [20, -56, 105, 818, 1565, 9, 202151952]]
  slot2_s12 P2 o=0xc50f310 f=5446-5746 ctr0=600 b427=4 w428=0xc80000 ctr_changes=296 ctr_log=[[5446, 600], [5447, 599, 10], [5448, 598, 10], [5449, 597, 10], [5450, 596, 10], [5451, 595, 10], [5452, 594, 10], [5453, 593, 10]]... end=304
     post(dt,x,y,z,code,hdr,fn): [[0, 670, 180, 321, 1565, 9, 202151952], [4, 656, 208, 335, 1565, 9, 202151952], [8, 642, 204, 349, 1565, 9, 202151952], [12, 628, 168, 362, 1565, 9, 202151952], [16, 615, 100, 375, 1565, 9, 202151952], [20, 603, 105, 388, 1565, 9, 202151952]]
  slot2_s13 P4 o=0xc5103d0 f=1206-1651 ctr0=600 b427=2 w428=0x230000 ctr_changes=444 ctr_log=[[1206, 600], [1207, 599, 10], [1208, 598, 10], [1209, 597, 10], [1210, 596, 10], [1211, 595, 10], [1212, 594, 10], [1213, 593, 10]]... end=156
     post(dt,x,y,z,code,hdr,fn): [[0, -369, 171, 995, 1565, 9, 202151952], [4, -355, 199, 981, 1565, 9, 202151952], [8, -341, 195, 967, 1565, 9, 202151952], [12, -328, 159, 954, 1565, 9, 202151952], [16, -315, 91, 941, 1565, 9, 202151952], [20, -302, 105, 928, 1565, 9, 202151952]]
  slot2_s13 P1 o=0xc5103d0 f=1891-2047 ctr0=156 b427=2 w428=0xcf0100 ctr_changes=155 ctr_log=[[1891, 156], [1892, 155, 10], [1893, 154, 10], [1894, 153, 10], [1895, 152, 10], [1896, 151, 10], [1897, 150, 10], [1898, 149, 10]]... end=0
     post(dt,x,y,z,code,hdr,fn): [[0, -644, 180, 187, 1565, 9, 202151952], [4, -635, 195, 198, 1565, 9, 202151952], [8, -622, 199, 213, 1565, 9, 202151952], [12, -610, 171, 227, 1565, 9, 202151952], [16, -598, 111, 242, 1565, 9, 202151952], [20, -592, 84, 249, 1565, 9, 202151952]]
  slot2_s14 P3 o=0xc5131e0 f=8149-8339 ctr0=600 b427=3 w428=0x16a0000 ctr_changes=189 ctr_log=[[8149, 600], [8150, 599, 10], [8151, 598, 10], [8152, 597, 10], [8153, 596, 10], [8154, 595, 10], [8155, 594, 10], [8156, 593, 10]]... end=411
     post(dt,x,y,z,code,hdr,fn): [[0, 145, 171, -466, 1565, 9, 202151952], [4, 131, 199, -480, 1565, 9, 202151952], [8, 117, 195, -494, 1565, 9, 202151952], [12, 103, 159, -507, 1565, 9, 202151952], [16, 90, 91, -520, 1565, 9, 202151952], [20, 78, 105, -533, 1565, 9, 202151952]]

=== code 0x21 -> Soap Bubble Gun  holds=21 fns=['0xc0c9810']
  slot1_s11 P2 o=0xc50f310 f=5251-5738 ctr0=250 b427=4 w428=0x620000 ctr_changes=249 ctr_log=[[5251, 250], [5296, 249, 8], [5297, 248, 8], [5298, 247, 8], [5299, 246, 8], [5300, 245, 8], [5301, 244, 8], [5302, 243, 8]]... end=0
     post(dt,x,y,z,code,hdr,fn): [[0, -907, 182, 580, 1569, 9, 202151952], [4, -902, 197, 566, 1569, 9, 202151952], [8, -896, 201, 547, 1569, 9, 202151952], [12, -890, 173, 529, 1569, 9, 202151952], [16, -884, 113, 512, 1569, 9, 202151952], [20, -880, 62, 499, 1569, 9, 202151952]]
  slot1_s15 P1 o=0xc50c0d0 f=19906-None ctr0=250 b427=2 w428=0xe20000 ctr_changes=45 ctr_log=[[19906, 250], [19951, 249, 8], [19952, 248, 8], [19953, 247, 8], [19954, 246, 8], [19955, 245, 8], [19956, 244, 8], [19957, 243, 8]]... end=None
  slot2_s12 P2 o=0xc51ff10 f=14881-15376 ctr0=250 b427=2 w428=0x300000 ctr_changes=155 ctr_log=[[14881, 250], [14986, 249, 8], [14987, 248, 8], [14988, 247, 8], [14989, 246, 8], [14990, 245, 8], [14991, 244, 8], [14992, 243, 8]]... end=95
     post(dt,x,y,z,code,hdr,fn): [[0, 348, 272, 506, 1569, 9, 202151952], [4, 348, 300, 526, 1569, 9, 202151952], [8, 348, 296, 545, 1569, 9, 202151952], [12, 349, 260, 564, 1569, 9, 202151952], [16, 349, 192, 582, 1569, 9, 202151952], [20, 349, 92, 601, 1569, 9, 202151952]]
  slot2_s12 P4 o=0xc51ff10 f=15959-17162 ctr0=95 b427=2 w428=0x21c0100 ctr_changes=94 ctr_log=[[15959, 95], [16169, 94, 8], [16170, 93, 8], [16171, 92, 8], [16172, 91, 8], [16173, 90, 8], [16174, 89, 8], [16175, 88, 8]]... end=0
     post(dt,x,y,z,code,hdr,fn): [[0, 1058, 180, 363, 1569, 9, 202151952], [4, 1048, 195, 352, 1569, 9, 202151952], [8, 1035, 199, 337, 1569, 9, 202151952], [12, 1022, 171, 323, 1569, 9, 202151952], [16, 1010, 111, 309, 1569, 9, 202151952], [20, 1001, 62, 299, 1569, 9, 202151952]]
  slot2_s13 P1 o=0xc50d190 f=6238-6484 ctr0=250 b427=3 w428=0x4c0000 ctr_changes=0 ctr_log=[[6238, 250]] end=250
     post(dt,x,y,z,code,hdr,fn): [[0, 136, 171, 941, 1569, 9, 202151952], [4, 150, 199, 927, 1569, 9, 202151952], [8, 164, 195, 913, 1569, 9, 202151952], [12, 177, 159, 900, 1569, 9, 202151952], [16, 190, 91, 887, 1569, 9, 202151952], [20, 203, 77, 874, 1569, 9, 202151952]]
  slot2_s13 P1 o=0xc512120 f=14040-14179 ctr0=250 b427=3 w428=0x0 ctr_changes=0 ctr_log=[[14040, 250]] end=250
     post(dt,x,y,z,code,hdr,fn): [[0, -1061, 171, 958, 1569, 9, 202151952], [4, -1046, 199, 945, 1569, 9, 202151952], [8, -1031, 195, 932, 1569, 9, 202151952], [12, -1016, 159, 920, 1569, 9, 202151952], [16, -1002, 91, 908, 1569, 9, 202151952], [20, -988, 77, 897, 1569, 9, 202151952]]

=== code 0x24 -> Leg Weight  holds=10 fns=['0xc0c9810']
  slot2_s13 P3 o=0xc5103d0 f=11668-11975 ctr0=10 b427=4 w428=0x0 ctr_changes=0 ctr_log=[[11668, 10]] end=10
     post(dt,x,y,z,code,hdr,fn): [[0, 128, 96, -155, 2084, 9, 202151952], [4, 143, 99, -36, 2084, 9, 202151952], [8, 157, 102, 83, 2084, 9, 202151952], [12, 171, 106, 202, 2084, 9, 202151952], [16, 186, 97, 321, 2084, 9, 202151952], [20, 200, 56, 440, 2084, 9, 202151952]]
  slot2_s16 P1 o=0xc50c930 f=2224-2232 ctr0=10 b427=5 w428=0x0 ctr_changes=0 ctr_log=[[2224, 10]] end=10
     post(dt,x,y,z,code,hdr,fn): [[0, -717, 171, 185, 1572, 9, 202151952], [4, -704, 199, 169, 1572, 9, 202151952], [8, -692, 195, 154, 1572, 9, 202151952], [12, -680, 159, 140, 1572, 9, 202151952], [16, -668, 91, 125, 1572, 9, 202151952], [20, -657, 81, 111, 1572, 9, 202151952]]
  slot2_st_s21 P4 o=0xc51ab50 f=14151-14199 ctr0=10 b427=1 w428=0x180000 ctr_changes=0 ctr_log=[[14151, 10]] end=10
     post(dt,x,y,z,code,hdr,fn): [[0, -99, 534, 610, 1572, 9, 202151952], [4, -119, 562, 610, 1572, 9, 202151952], [8, -138, 558, 610, 1572, 9, 202151952], [12, -157, 522, 610, 1572, 9, 202151952], [16, -176, 454, 610, 1572, 9, 202151952], [20, -194, 354, 610, 1572, 9, 202151952]]
  slot2_st_s21 P4 o=0xc51ab50 f=14541-14795 ctr0=10 b427=1 w428=0x1200100 ctr_changes=0 ctr_log=[[14541, 10]] end=10
     post(dt,x,y,z,code,hdr,fn): [[0, 196, 171, -463, 1572, 9, 202151952], [4, 197, 199, -444, 1572, 9, 202151952], [8, 199, 195, -424, 1572, 9, 202151952], [12, 201, 159, -405, 1572, 9, 202151952], [16, 202, 91, -387, 1572, 9, 202151952], [20, 204, 81, -369, 1572, 9, 202151952]]
  slot2_st_s21 P4 o=0xc51ab50 f=15058-15605 ctr0=10 b427=1 w428=0xe70200 ctr_changes=0 ctr_log=[[15058, 10]] end=0
     post(dt,x,y,z,code,hdr,fn): [[0, 0, 0, 0, 0, 0, 0], [4, 0, 0, 0, 0, 0, 0], [8, 0, 0, 0, 0, 0, 0], [12, 0, 0, 0, 0, 0, 0], [16, 0, 0, 0, 0, 0, 0], [20, 0, 0, 0, 0, 0, 0]]
  slot2_st_s21 P3 o=0xc501950 f=22876-23268 ctr0=10 b427=6 w428=0xf0000 ctr_changes=0 ctr_log=[[22876, 10]] end=10
     post(dt,x,y,z,code,hdr,fn): [[0, 60, 171, 886, 1572, 9, 202151952], [4, 40, 199, 885, 1572, 9, 202151952], [8, 21, 195, 884, 1572, 9, 202151952], [12, 2, 159, 883, 1572, 9, 202151952], [16, -17, 91, 883, 1572, 9, 202151952], [20, -35, 81, 882, 1572, 9, 202151952]]

=== code 0x2b -> Battlefield Axe  holds=23 fns=['0xc0c9810']
  slot1_s11 P1 o=0xc50a380 f=15241-15882 ctr0=600 b427=0 w428=0x720000 ctr_changes=600 ctr_log=[[15241, 600], [15242, 599, 10], [15243, 598, 10], [15244, 597, 10], [15245, 596, 10], [15246, 595, 10], [15247, 594, 10], [15248, 593, 10]]... end=0
     post(dt,x,y,z,code,hdr,fn): [[0, 906, 397, 495, 1579, 9, 202151952], [4, 892, 425, 481, 1579, 9, 202151952], [8, 878, 421, 467, 1579, 9, 202151952], [12, 864, 385, 454, 1579, 9, 202151952], [16, 851, 317, 441, 1579, 9, 202151952], [20, 839, 217, 428, 1579, 9, 202151952]]
  slot2_s12 P3 o=0xc513610 f=8774-8828 ctr0=600 b427=3 w428=0x0 ctr_changes=53 ctr_log=[[8774, 600], [8775, 599, 10], [8776, 598, 10], [8777, 597, 10], [8778, 596, 10], [8779, 595, 10], [8780, 594, 10], [8781, 593, 10]]... end=547
     post(dt,x,y,z,code,hdr,fn): [[0, 931, 171, 227, 1579, 9, 202151952], [4, 945, 199, 241, 1579, 9, 202151952], [8, 959, 195, 255, 1579, 9, 202151952], [12, 972, 159, 268, 1579, 9, 202151952], [16, 985, 91, 281, 1579, 9, 202151952], [20, 998, 105, 294, 1579, 9, 202151952]]
  slot2_s13 P3 o=0xc50de20 f=3484-3807 ctr0=600 b427=3 w428=0x0 ctr_changes=322 ctr_log=[[3484, 600], [3485, 599, 10], [3486, 598, 10], [3487, 597, 10], [3488, 596, 10], [3489, 595, 10], [3490, 594, 10], [3491, 593, 10]]... end=278
     post(dt,x,y,z,code,hdr,fn): [[0, -17, 171, 429, 1579, 9, 202151952], [4, -10, 199, 447, 1579, 9, 202151952], [8, -2, 195, 465, 1579, 9, 202151952], [12, 5, 159, 482, 1579, 9, 202151952], [16, 12, 91, 499, 1579, 9, 202151952], [20, 19, 105, 516, 1579, 9, 202151952]]
  slot2_s13 P2 o=0xc50de20 f=4186-4329 ctr0=278 b427=3 w428=0x15a0100 ctr_changes=142 ctr_log=[[4186, 278], [4187, 277, 10], [4188, 276, 10], [4189, 275, 10], [4190, 274, 10], [4191, 273, 10], [4192, 272, 10], [4193, 271, 10]]... end=136
     post(dt,x,y,z,code,hdr,fn): [[0, 222, 180, 401, 1579, 9, 202151952], [4, 211, 208, 417, 1579, 9, 202151952], [8, 200, 204, 433, 1579, 9, 202151952], [12, 189, 168, 449, 1579, 9, 202151952], [16, 179, 100, 464, 1579, 9, 202151952], [20, 168, 105, 479, 1579, 9, 202151952]]
  slot2_s13 P3 o=0xc50de20 f=4534-4670 ctr0=136 b427=3 w428=0xac0200 ctr_changes=135 ctr_log=[[4534, 136], [4535, 135, 10], [4536, 134, 10], [4537, 133, 10], [4538, 132, 10], [4539, 131, 10], [4540, 130, 10], [4541, 129, 10]]... end=0
     post(dt,x,y,z,code,hdr,fn): [[0, 172, 180, 655, 1579, 9, 202151952], [4, 183, 195, 645, 1579, 9, 202151952], [8, 197, 199, 631, 1579, 9, 202151952], [12, 210, 171, 617, 1579, 9, 202151952], [16, 223, 111, 604, 1579, 9, 202151952], [20, 230, 84, 598, 1579, 9, 202151952]]
  slot2_s14 P4 o=0xc513a40 f=14709-15361 ctr0=600 b427=2 w428=0x0 ctr_changes=600 ctr_log=[[14709, 600], [14710, 599, 10], [14711, 598, 10], [14712, 597, 10], [14713, 596, 10], [14714, 595, 10], [14715, 594, 10], [14716, 593, 10]]... end=0
     post(dt,x,y,z,code,hdr,fn): [[0, -871, 396, 161, 1579, 9, 202151952], [4, -887, 424, 173, 1579, 9, 202151952], [8, -903, 420, 185, 1579, 9, 202151952], [12, -918, 384, 196, 1579, 9, 202151952], [16, -933, 316, 207, 1579, 9, 202151952], [20, -947, 216, 218, 1579, 9, 202151952]]

=== code 0x30 -> Trident  holds=19 fns=['0xc0c9810']
  slot1_s14 P2 o=0xc514b00 f=6901-6991 ctr0=480 b427=3 w428=0x770000 ctr_changes=88 ctr_log=[[6901, 480], [6902, 479, 10], [6903, 478, 10], [6904, 477, 10], [6905, 476, 10], [6906, 475, 10], [6907, 474, 10], [6908, 473, 10]]... end=392
     post(dt,x,y,z,code,hdr,fn): [[0, 350, 180, -570, 1584, 9, 202151952], [4, 350, 208, -550, 1584, 9, 202151952], [8, 350, 204, -531, 1584, 9, 202151952], [12, 350, 168, -512, 1584, 9, 202151952], [16, 350, 100, -493, 1584, 9, 202151952], [20, 350, 92, -475, 1584, 9, 202151952]]
  slot1_s14 P2 o=0xc514b00 f=7051-7351 ctr0=392 b427=3 w428=0x1e0100 ctr_changes=296 ctr_log=[[7051, 392], [7052, 391, 10], [7053, 390, 10], [7054, 389, 10], [7055, 388, 10], [7056, 387, 10], [7057, 386, 10], [7058, 385, 10]]... end=96
     post(dt,x,y,z,code,hdr,fn): [[0, 875, 454, -1050, 1584, 9, 202151952], [4, 860, 482, -1036, 1584, 9, 202151952], [8, 847, 478, -1022, 1584, 9, 202151952], [12, 833, 442, -1009, 1584, 9, 202151952], [16, 820, 374, -996, 1584, 9, 202151952], [20, 808, 274, -983, 1584, 9, 202151952]]
  slot1_s14 P2 o=0xc514b00 f=7591-7703 ctr0=96 b427=3 w428=0xc10200 ctr_changes=96 ctr_log=[[7591, 96], [7592, 95, 10], [7593, 94, 10], [7594, 93, 10], [7595, 92, 10], [7596, 91, 10], [7597, 90, 10], [7598, 89, 10]]... end=0
     post(dt,x,y,z,code,hdr,fn): [[0, 824, 180, -1050, 1584, 9, 202151952], [4, 838, 208, -1036, 1584, 9, 202151952], [8, 852, 204, -1022, 1584, 9, 202151952], [12, 866, 168, -1009, 1584, 9, 202151952], [16, 879, 100, -996, 1584, 9, 202151952], [20, 885, 77, -989, 1584, 9, 202151952]]
  slot2_s12 P4 o=0xc507140 f=9798-10317 ctr0=480 b427=5 w428=0x2380000 ctr_changes=480 ctr_log=[[9798, 480], [9799, 479, 10], [9800, 478, 10], [9801, 477, 10], [9802, 476, 10], [9803, 475, 10], [9804, 474, 10], [9805, 473, 10]]... end=0
     post(dt,x,y,z,code,hdr,fn): [[0, 503, 180, 215, 1584, 9, 202151952], [4, 503, 204, 200, 1584, 9, 202151952], [8, 503, 208, 180, 1584, 9, 202151952], [12, 503, 180, 161, 1584, 9, 202151952], [16, 503, 120, 143, 1584, 9, 202151952], [20, 503, 77, 129, 1584, 9, 202151952]]
  slot2_s12 P3 o=0xc521830 f=15370-15850 ctr0=480 b427=3 w428=0x0 ctr_changes=479 ctr_log=[[15370, 480], [15371, 479, 10], [15372, 478, 10], [15373, 477, 10], [15374, 476, 10], [15375, 475, 10], [15376, 474, 10], [15377, 473, 10]]... end=0
     post(dt,x,y,z,code,hdr,fn): [[0, 213, 180, 467, 1584, 9, 202151952], [4, 202, 195, 477, 1584, 9, 202151952], [8, 188, 199, 491, 1584, 9, 202151952], [12, 174, 171, 504, 1584, 9, 202151952], [16, 160, 111, 517, 1584, 9, 202151952], [20, 154, 73, 523, 1584, 9, 202151952]]
  slot2_s13 P2 o=0xc514b00 f=6721-6811 ctr0=480 b427=0 w428=0x4f0000 ctr_changes=88 ctr_log=[[6721, 480], [6722, 479, 10], [6723, 478, 10], [6724, 477, 10], [6725, 476, 10], [6726, 475, 10], [6727, 474, 10], [6728, 473, 10]]... end=392
     post(dt,x,y,z,code,hdr,fn): [[0, 704, 180, 401, 1584, 9, 202151952], [4, 704, 208, 381, 1584, 9, 202151952], [8, 704, 204, 362, 1584, 9, 202151952], [12, 704, 168, 343, 1584, 9, 202151952], [16, 705, 100, 324, 1584, 9, 202151952], [20, 705, 92, 306, 1584, 9, 202151952]]

=== code 0x33 -> 3-Way Shotgun  holds=34 fns=['0xc0c9810']
  slot1_s13 P1 o=0xc509b20 f=931-961 ctr0=7 b427=5 w428=0xe40000 ctr_changes=0 ctr_log=[[931, 7]] end=7
     post(dt,x,y,z,code,hdr,fn): [[0, 838, 171, 849, 1587, 9, 202151952], [4, 852, 199, 863, 1587, 9, 202151952], [8, 866, 195, 876, 1587, 9, 202151952], [12, 879, 159, 890, 1587, 9, 202151952], [16, 892, 91, 903, 1587, 9, 202151952], [20, 905, 77, 916, 1587, 9, 202151952]]
  slot1_s13 P1 o=0xc509b20 f=1111-1656 ctr0=7 b427=5 w428=0x730100 ctr_changes=7 ctr_log=[[1111, 7], [1164, 6, 8], [1254, 5, 8], [1314, 4, 8], [1374, 3, 8], [1449, 2, 8], [1569, 1, 8], [1644, 0, 8]] end=0
     post(dt,x,y,z,code,hdr,fn): [[0, 1094, 502, 1066, 1587, 9, 202151952], [4, 1080, 530, 1052, 1587, 9, 202151952], [8, 1067, 526, 1038, 1587, 9, 202151952], [12, 1053, 490, 1025, 1587, 9, 202151952], [16, 1040, 422, 1012, 1587, 9, 202151952], [20, 1027, 322, 999, 1587, 9, 202151952]]
  slot1_s14 P1 o=0xc50e250 f=9151-9189 ctr0=7 b427=4 w428=0xbd0000 ctr_changes=0 ctr_log=[[9151, 7]] end=7
     post(dt,x,y,z,code,hdr,fn): [[0, -518, 333, 512, 1587, 9, 202151952], [4, -532, 361, 526, 1587, 9, 202151952], [8, -545, 357, 539, 1587, 9, 202151952], [12, -559, 321, 553, 1587, 9, 202151952], [16, -572, 253, 566, 1587, 9, 202151952], [20, -585, 153, 578, 1587, 9, 202151952]]
  slot1_s14 P2 o=0xc511cf0 f=10441-10651 ctr0=7 b427=0 w428=0x1c0000 ctr_changes=2 ctr_log=[[10441, 7], [10494, 6, 8], [10599, 5, 8]] end=5
     post(dt,x,y,z,code,hdr,fn): [[0, 1004, 171, -30, 1587, 9, 202151952], [4, 990, 199, -44, 1587, 9, 202151952], [8, 976, 195, -58, 1587, 9, 202151952], [12, 963, 159, -71, 1587, 9, 202151952], [16, 950, 91, -84, 1587, 9, 202151952], [20, 937, 77, -97, 1587, 9, 202151952]]
  slot1_s16 P1 o=0xc508a60 f=1441-1486 ctr0=7 b427=4 w428=0x420000 ctr_changes=0 ctr_log=[[1441, 7]] end=7
     post(dt,x,y,z,code,hdr,fn): [[0, -744, 171, 854, 1587, 9, 202151952], [4, -730, 199, 840, 1587, 9, 202151952], [8, -716, 195, 826, 1587, 9, 202151952], [12, -703, 159, 813, 1587, 9, 202151952], [16, -690, 91, 800, 1587, 9, 202151952], [20, -677, 77, 787, 1587, 9, 202151952]]
  slot1_s16 P1 o=0xc508a60 f=1666-1771 ctr0=7 b427=4 w428=0x910100 ctr_changes=0 ctr_log=[[1666, 7]] end=7
     post(dt,x,y,z,code,hdr,fn): [[0, -623, 171, 870, 1587, 9, 202151952], [4, -637, 199, 856, 1587, 9, 202151952], [8, -651, 195, 842, 1587, 9, 202151952], [12, -664, 159, 829, 1587, 9, 202151952], [16, -677, 91, 816, 1587, 9, 202151952], [20, -690, 77, 803, 1587, 9, 202151952]]

=== code 0x35 -> Leg Trap  holds=4 fns=['0xc0c9810']
  slot2_s13 P3 o=0xc5146d0 f=15023-15079 ctr0=10 b427=5 w428=0x170000 ctr_changes=0 ctr_log=[[15023, 10]] end=10
     post(dt,x,y,z,code,hdr,fn): [[0, 84, 594, 646, 2101, 9, 202151952], [4, 77, 714, 646, 2101, 9, 202151952], [8, 71, 834, 647, 2101, 9, 202151952], [12, 65, 953, 648, 2101, 9, 202151952], [16, 58, 1061, 649, 2101, 9, 202151952], [20, 52, 1137, 649, 2101, 9, 202151952]]
  slot2_s15 P1 o=0xc50b440 f=7954-7983 ctr0=10 b427=4 w428=0x0 ctr_changes=0 ctr_log=[[7954, 10]] end=10
     post(dt,x,y,z,code,hdr,fn): [[0, 4, 171, 566, 1589, 9, 202151952], [4, -16, 199, 566, 1589, 9, 202151952], [8, -35, 195, 566, 1589, 9, 202151952], [12, -54, 159, 566, 1589, 9, 202151952], [16, -73, 91, 566, 1589, 9, 202151952], [20, -91, 17, 566, 1589, 9, 202151952]]
  slot2_st_s23 P4 o=0xc51f6b0 f=15737-15964 ctr0=10 b427=255 w428=0x0 ctr_changes=0 ctr_log=[[15737, 10]] end=10
     post(dt,x,y,z,code,hdr,fn): [[0, 138, 410, -577, 1589, 9, 202151952], [4, 129, 438, -559, 1589, 9, 202151952], [8, 121, 434, -541, 1589, 9, 202151952], [12, 113, 398, -524, 1589, 9, 202151952], [16, 105, 330, -508, 1589, 9, 202151952], [20, 97, 230, -491, 1589, 9, 202151952]]
  slot3_st_s22 P2 o=0xc5068e0 f=36650-36708 ctr0=10 b427=2 w428=0xfb0000 ctr_changes=0 ctr_log=[[36650, 10]] end=10
     post(dt,x,y,z,code,hdr,fn): [[0, -2468, 670, 605, 2101, 9, 202151952], [4, -2467, 510, 614, 2101, 9, 202151952], [8, -2465, 351, 623, 2101, 9, 202151952], [12, -2464, 191, 632, 2101, 9, 202151952], [16, 0, 0, 0, 0, 0, 0], [20, 0, 0, 0, 0, 0, 0]]

=== code 0x39 -> Ice Rod  holds=29 fns=['0xc0c9810']
  slot1_s11 P2 o=0xc50eee0 f=10561-10606 ctr0=5 b427=2 w428=0x960000 ctr_changes=0 ctr_log=[[10561, 5]] end=5
     post(dt,x,y,z,code,hdr,fn): [[0, -778, 171, 224, 1593, 9, 202151952], [4, -764, 199, 238, 1593, 9, 202151952], [8, -751, 195, 251, 1593, 9, 202151952], [12, -737, 159, 265, 1593, 9, 202151952], [16, -724, 91, 278, 1593, 9, 202151952], [20, -712, 81, 291, 1593, 9, 202151952]]
  slot1_s11 P2 o=0xc50eee0 f=10651-10771 ctr0=5 b427=2 w428=0xd0100 ctr_changes=0 ctr_log=[[10651, 5]] end=5
     post(dt,x,y,z,code,hdr,fn): [[0, -534, 171, 123, 1593, 9, 202151952], [4, -534, 199, 143, 1593, 9, 202151952], [8, -534, 195, 163, 1593, 9, 202151952], [12, -534, 159, 181, 1593, 9, 202151952], [16, -533, 91, 200, 1593, 9, 202151952], [20, -533, 81, 218, 1593, 9, 202151952]]
  slot2_s11 P4 o=0xc50c930 f=950-1217 ctr0=5 b427=3 w428=0x0 ctr_changes=0 ctr_log=[[950, 5]] end=5
     post(dt,x,y,z,code,hdr,fn): [[0, -623, 171, 575, 1593, 9, 202151952], [4, -608, 199, 561, 1593, 9, 202151952], [8, -595, 195, 548, 1593, 9, 202151952], [12, -581, 159, 534, 1593, 9, 202151952], [16, -568, 91, 521, 1593, 9, 202151952], [20, -555, 81, 509, 1593, 9, 202151952]]
  slot2_s11 P2 o=0xc50c930 f=1591-1756 ctr0=5 b427=3 w428=0x1560100 ctr_changes=2 ctr_log=[[1591, 5], [1648, 4, 8], [1709, 3, 8]] end=3
     post(dt,x,y,z,code,hdr,fn): [[0, -503, 171, 653, 1593, 9, 202151952], [4, -485, 199, 644, 1593, 9, 202151952], [8, -468, 195, 636, 1593, 9, 202151952], [12, -451, 159, 627, 1593, 9, 202151952], [16, -434, 91, 619, 1593, 9, 202151952], [20, -418, 81, 612, 1593, 9, 202151952]]
  slot2_s12 P4 o=0xc50d5c0 f=6988-7205 ctr0=5 b427=1 w428=0x1ec0000 ctr_changes=1 ctr_log=[[6988, 5], [7062, 4, 8]] end=4
     post(dt,x,y,z,code,hdr,fn): [[0, 586, 368, 946, 1593, 9, 202151952], [4, 567, 396, 946, 1593, 9, 202151952], [8, 547, 392, 946, 1593, 9, 202151952], [12, 528, 356, 946, 1593, 9, 202151952], [16, 510, 288, 946, 1593, 9, 202151952], [20, 492, 188, 946, 1593, 9, 202151952]]
  slot2_s12 P3 o=0xc521830 f=16805-16997 ctr0=5 b427=5 w428=0x17e0000 ctr_changes=0 ctr_log=[[16805, 5]] end=5
     post(dt,x,y,z,code,hdr,fn): [[0, 465, 471, 652, 1593, 9, 202151952], [4, 479, 499, 637, 1593, 9, 202151952], [8, 492, 495, 624, 1593, 9, 202151952], [12, 506, 459, 610, 1593, 9, 202151952], [16, 519, 391, 597, 1593, 9, 202151952], [20, 532, 291, 585, 1593, 9, 202151952]]

=== code 0x3b -> Magic Rod  holds=20 fns=['0xc0c9810']
  slot2_s12 P3 o=0xc5118c0 f=11847-12192 ctr0=5 b427=5 w428=0x14d0000 ctr_changes=1 ctr_log=[[11847, 5], [12156, 4, 8]] end=4
     post(dt,x,y,z,code,hdr,fn): [[0, 1063, 171, 531, 1595, 9, 202151952], [4, 1063, 199, 551, 1595, 9, 202151952], [8, 1063, 195, 570, 1595, 9, 202151952], [12, 1063, 159, 589, 1595, 9, 202151952], [16, 1063, 91, 608, 1595, 9, 202151952], [20, 1063, 85, 626, 1595, 9, 202151952]]
  slot2_s12 P3 o=0xc51f280 f=14819-14824 ctr0=5 b427=0 w428=0x0 ctr_changes=0 ctr_log=[[14819, 5]] end=5
     post(dt,x,y,z,code,hdr,fn): [[0, -500, 171, 609, 1595, 9, 202151952], [4, -480, 199, 609, 1595, 9, 202151952], [8, -460, 195, 609, 1595, 9, 202151952], [12, -441, 159, 609, 1595, 9, 202151952], [16, -423, 91, 609, 1595, 9, 202151952], [20, -405, 85, 609, 1595, 9, 202151952]]
  slot2_s13 P2 o=0xc50f740 f=6196-6479 ctr0=5 b427=0 w428=0x4e0000 ctr_changes=5 ctr_log=[[6196, 5], [6283, 4, 8], [6359, 3, 8], [6404, 2, 8], [6434, 1, 8], [6464, 0, 8]] end=0
     post(dt,x,y,z,code,hdr,fn): [[0, 1001, 171, 164, 1595, 9, 202151952], [4, 1015, 199, 150, 1595, 9, 202151952], [8, 1029, 195, 136, 1595, 9, 202151952], [12, 1043, 159, 123, 1595, 9, 202151952], [16, 1056, 91, 110, 1595, 9, 202151952], [20, 1059, 73, 106, 1595, 9, 202151952]]
  slot2_s13 P1 o=0xc519230 f=11973-12915 ctr0=5 b427=2 w428=0x0 ctr_changes=1 ctr_log=[[11973, 5], [12254, 4, 8]] end=4
     post(dt,x,y,z,code,hdr,fn): [[0, -30, 171, 466, 1595, 9, 202151952], [4, -50, 199, 466, 1595, 9, 202151952], [8, -69, 195, 466, 1595, 9, 202151952], [12, -88, 159, 466, 1595, 9, 202151952], [16, -106, 91, 466, 1595, 9, 202151952], [20, -124, 85, 466, 1595, 9, 202151952]]
  slot2_s13 P1 o=0xc5189d0 f=17760-18528 ctr0=5 b427=5 w428=0x0 ctr_changes=1 ctr_log=[[17760, 5], [18368, 4, 8]] end=4
     post(dt,x,y,z,code,hdr,fn): [[0, 92, 171, 18, 1595, 9, 202151952], [4, 112, 199, 18, 1595, 9, 202151952], [8, 131, 195, 18, 1595, 9, 202151952], [12, 150, 159, 18, 1595, 9, 202151952], [16, 169, 91, 18, 1595, 9, 202151952], [20, 187, 85, 18, 1595, 9, 202151952]]
  slot2_s15 P4 o=0xc510c30 f=12976-13068 ctr0=5 b427=5 w428=0x0 ctr_changes=0 ctr_log=[[12976, 5]] end=5
     post(dt,x,y,z,code,hdr,fn): [[0, 360, 171, 506, 1595, 9, 202151952], [4, 374, 199, 520, 1595, 9, 202151952], [8, 387, 195, 534, 1595, 9, 202151952], [12, 401, 159, 547, 1595, 9, 202151952], [16, 414, 91, 560, 1595, 9, 202151952], [20, 427, 85, 573, 1595, 9, 202151952]]

=== code 0x43 -> Loudspeaker  holds=24 fns=['0xc0c9810']
  slot1_s14 P2 o=0xc50fb70 f=18286-18317 ctr0=5 b427=3 w428=0x200000 ctr_changes=0 ctr_log=[[18286, 5]] end=5
     post(dt,x,y,z,code,hdr,fn): [[0, 146, 171, -692, 1603, 9, 202151952], [4, 147, 199, -672, 1603, 9, 202151952], [8, 147, 195, -652, 1603, 9, 202151952], [12, 147, 159, -633, 1603, 9, 202151952], [16, 147, 91, -615, 1603, 9, 202151952], [20, 147, 70, -597, 1603, 9, 202151952]]
  slot1_s16 P2 o=0xc50c930 f=12766-13156 ctr0=5 b427=3 w428=0x340000 ctr_changes=3 ctr_log=[[12766, 5], [12823, 4, 8], [12928, 3, 8], [13048, 2, 8]] end=2
     post(dt,x,y,z,code,hdr,fn): [[0, 455, 346, -1024, 1603, 9, 202151952], [4, 466, 374, -1041, 1603, 9, 202151952], [8, 477, 370, -1057, 1603, 9, 202151952], [12, 487, 334, -1072, 1603, 9, 202151952], [16, 498, 266, -1088, 1603, 9, 202151952], [20, 508, 166, -1102, 1603, 9, 202151952]]
  slot2_s12 P2 o=0xc51b7e0 f=6976-7261 ctr0=5 b427=3 w428=0x1e40000 ctr_changes=2 ctr_log=[[6976, 5], [7018, 4, 8], [7153, 3, 8]] end=3
     post(dt,x,y,z,code,hdr,fn): [[0, 1140, 171, 348, 1603, 9, 202151952], [4, 1120, 199, 348, 1603, 9, 202151952], [8, 1101, 195, 348, 1603, 9, 202151952], [12, 1082, 159, 348, 1603, 9, 202151952], [16, 1063, 91, 348, 1603, 9, 202151952], [20, 1045, 70, 348, 1603, 9, 202151952]]
  slot2_s13 P4 o=0xc5170b0 f=5295-5566 ctr0=5 b427=1 w428=0x12e0000 ctr_changes=0 ctr_log=[[5295, 5]] end=5
     post(dt,x,y,z,code,hdr,fn): [[0, -641, 171, 176, 1603, 9, 202151952], [4, -660, 199, 176, 1603, 9, 202151952], [8, -680, 195, 176, 1603, 9, 202151952], [12, -699, 159, 176, 1603, 9, 202151952], [16, -717, 91, 176, 1603, 9, 202151952], [20, -735, 70, 176, 1603, 9, 202151952]]
  slot2_s15 P3 o=0xc50ffa0 f=3181-3496 ctr0=5 b427=2 w428=0x0 ctr_changes=0 ctr_log=[[3181, 5]] end=5
     post(dt,x,y,z,code,hdr,fn): [[0, 202, 171, 823, 1603, 9, 202151952], [4, 212, 199, 805, 1603, 9, 202151952], [8, 222, 195, 789, 1603, 9, 202151952], [12, 231, 159, 772, 1603, 9, 202151952], [16, 241, 91, 756, 1603, 9, 202151952], [20, 250, 70, 741, 1603, 9, 202151952]]
  slot2_s15 P1 o=0xc50ffa0 f=3555-5562 ctr0=5 b427=2 w428=0x190100 ctr_changes=3 ctr_log=[[3555, 5], [4405, 4, 8], [4928, 3, 8], [5146, 2, 8]] end=2
     post(dt,x,y,z,code,hdr,fn): [[0, -619, 171, 595, 1603, 9, 202151952], [4, -619, 199, 575, 1603, 9, 202151952], [8, -619, 195, 556, 1603, 9, 202151952], [12, -619, 159, 537, 1603, 9, 202151952], [16, -619, 91, 519, 1603, 9, 202151952], [20, -619, 70, 501, 1603, 9, 202151952]]

=== code 0x44 -> Devil Sickle  holds=9 fns=['0xc0c9810']
  slot1_s16 P1 o=0xc50bca0 f=19171-19638 ctr0=420 b427=5 w428=0x110000 ctr_changes=420 ctr_log=[[19171, 420], [19172, 419, 10], [19173, 418, 10], [19174, 417, 10], [19175, 416, 10], [19176, 415, 10], [19177, 414, 10], [19178, 413, 10]]... end=0
     post(dt,x,y,z,code,hdr,fn): [[0, -252, 180, 159, 1604, 9, 202151952], [4, -266, 208, 145, 1604, 9, 202151952], [8, -280, 204, 132, 1604, 9, 202151952], [12, -294, 168, 118, 1604, 9, 202151952], [16, -307, 100, 105, 1604, 9, 202151952], [20, -316, 32, 95, 1604, 9, 202151952]]
  slot2_s12 P1 o=0xc5103d0 f=15748-16168 ctr0=420 b427=4 w428=0xaf0000 ctr_changes=419 ctr_log=[[15748, 420], [15749, 419, 10], [15750, 418, 10], [15751, 417, 10], [15752, 416, 10], [15753, 415, 10], [15754, 414, 10], [15755, 413, 10]]... end=0
     post(dt,x,y,z,code,hdr,fn): [[0, 474, 180, -422, 1604, 9, 202151952], [4, 463, 195, -433, 1604, 9, 202151952], [8, 449, 199, -446, 1604, 9, 202151952], [12, 436, 171, -460, 1604, 9, 202151952], [16, 423, 111, -473, 1604, 9, 202151952], [20, 410, 32, -486, 1604, 9, 202151952]]
  slot2_s13 P3 o=0xc50de20 f=1960-2380 ctr0=420 b427=5 w428=0x0 ctr_changes=419 ctr_log=[[1960, 420], [1961, 419, 10], [1962, 418, 10], [1963, 417, 10], [1964, 416, 10], [1965, 415, 10], [1966, 414, 10], [1967, 413, 10]]... end=0
     post(dt,x,y,z,code,hdr,fn): [[0, -1068, 180, 1087, 1604, 9, 202151952], [4, -1053, 195, 1087, 1604, 9, 202151952], [8, -1034, 199, 1087, 1604, 9, 202151952], [12, -1015, 171, 1087, 1604, 9, 202151952], [16, -996, 111, 1087, 1604, 9, 202151952], [20, -978, 32, 1087, 1604, 9, 202151952]]
  slot2_s15 P3 o=0xc50c500 f=11205-11401 ctr0=420 b427=5 w428=0xa80000 ctr_changes=195 ctr_log=[[11205, 420], [11206, 419, 10], [11207, 418, 10], [11208, 417, 10], [11209, 416, 10], [11210, 415, 10], [11211, 414, 10], [11212, 413, 10]]... end=225
     post(dt,x,y,z,code,hdr,fn): [[0, -376, 171, 698, 1604, 9, 202151952], [4, -371, 199, 703, 1604, 9, 202151952], [8, -382, 195, 706, 1604, 9, 202151952], [12, -409, 159, 696, 1604, 9, 202151952], [16, -413, 91, 694, 1604, 9, 202151952], [20, -416, 37, 688, 1604, 9, 202151952]]
  slot2_s15 P3 o=0xc50c500 f=11734-11775 ctr0=225 b427=5 w428=0x1230100 ctr_changes=40 ctr_log=[[11734, 225], [11735, 224, 10], [11736, 223, 10], [11737, 222, 10], [11738, 221, 10], [11739, 220, 10], [11740, 219, 10], [11741, 218, 10]]... end=185
     post(dt,x,y,z,code,hdr,fn): [[0, -302, 171, 707, 1604, 9, 202151952], [4, -302, 199, 727, 1604, 9, 202151952], [8, -302, 195, 746, 1604, 9, 202151952], [12, -302, 159, 765, 1604, 9, 202151952], [16, -302, 91, 782, 1604, 9, 202151952], [20, -302, 37, 785, 1604, 9, 202151952]]
  slot2_st_s21 P4 o=0xc5021b0 f=26582-26941 ctr0=420 b427=4 w428=0x0 ctr_changes=327 ctr_log=[[26582, 420], [26583, 419, 10], [26584, 418, 10], [26585, 417, 10], [26586, 416, 10], [26587, 415, 10], [26588, 414, 10], [26589, 413, 10]]... end=93
     post(dt,x,y,z,code,hdr,fn): [[0, -39, 3671, -37, 1604, 9, 202151952], [4, -42, 3699, -18, 1604, 9, 202151952], [8, -46, 3695, 1, 1604, 9, 202151952], [12, -49, 3659, 20, 1604, 9, 202151952], [16, -52, 3591, 38, 1604, 9, 202151952], [20, 0, 0, 0, 0, 0, 0]]

=== code 0x46 -> Skateboard  holds=23 fns=['0xc0c9f50']
  slot1_s13 P1 o=0xc50c930 f=12297-12301 ctr0=600 b427=1 w428=0xe80000 ctr_changes=3 ctr_log=[[12297, 600], [12298, 599, 0], [12299, 598, 0], [12300, 597, 0]] end=597
     post(dt,x,y,z,code,hdr,fn): [[0, -643, 171, 175, 1606, 9, 202153808], [4, -628, 199, 188, 1606, 9, 202153808], [8, -613, 195, 200, 1606, 9, 202153808], [12, -598, 159, 212, 1606, 9, 202153808], [16, -584, 91, 224, 1606, 9, 202153808], [20, -570, 71, 235, 1606, 9, 202153808]]
  slot1_s15 P2 o=0xc50c500 f=3762-3781 ctr0=600 b427=0 w428=0x1c0000 ctr_changes=18 ctr_log=[[3762, 600], [3763, 599, 0], [3764, 598, 0], [3765, 597, 0], [3766, 596, 1], [3767, 595, 1], [3768, 594, 1], [3769, 593, 1]]... end=582
     post(dt,x,y,z,code,hdr,fn): [[0, 870, 171, 223, 1606, 9, 202153808], [4, 884, 199, 237, 1606, 9, 202153808], [8, 898, 195, 250, 1606, 9, 202153808], [12, 911, 159, 264, 1606, 9, 202153808], [16, 924, 91, 277, 1606, 9, 202153808], [20, 937, 71, 290, 1606, 9, 202153808]]
  slot1_s15 P2 o=0xc50c930 f=8802-9286 ctr0=600 b427=5 w428=0x6f0000 ctr_changes=483 ctr_log=[[8802, 600], [8803, 599, 1], [8804, 598, 1], [8805, 597, 1], [8806, 596, 7], [8807, 595, 7], [8808, 594, 7], [8809, 593, 7]]... end=117
     post(dt,x,y,z,code,hdr,fn): [[0, -1063, 171, 1140, 1606, 9, 202153808], [4, -1063, 199, 1120, 1606, 9, 202153808], [8, -1063, 195, 1101, 1606, 9, 202153808], [12, -1063, 159, 1082, 1606, 9, 202153808], [16, -1063, 91, 1063, 1606, 9, 202153808], [20, -1063, 79, 1045, 1606, 9, 202153808]]
  slot2_s12 P1 o=0xc51ee50 f=13873-13896 ctr0=600 b427=1 w428=0x1a20000 ctr_changes=22 ctr_log=[[13873, 600], [13874, 599, 1], [13875, 598, 1], [13876, 597, 1], [13877, 596, 1], [13878, 595, 1], [13879, 594, 1], [13880, 593, 1]]... end=578
     post(dt,x,y,z,code,hdr,fn): [[0, -152, 171, 449, 1606, 9, 202153808], [4, -138, 199, 463, 1606, 9, 202153808], [8, -125, 195, 477, 1606, 9, 202153808], [12, -111, 159, 491, 1606, 9, 202153808], [16, -98, 91, 504, 1606, 9, 202153808], [20, -85, 71, 516, 1606, 9, 202153808]]
  slot2_s13 P3 o=0xc511060 f=8922-9027 ctr0=600 b427=2 w428=0x1a0000 ctr_changes=104 ctr_log=[[8922, 600], [8923, 599, 1], [8924, 598, 1], [8925, 597, 1], [8926, 596, 1], [8927, 595, 1], [8928, 594, 1], [8929, 593, 1]]... end=496
     post(dt,x,y,z,code,hdr,fn): [[0, 195, 171, 598, 1606, 9, 202153808], [4, 177, 199, 607, 1606, 9, 202153808], [8, 159, 195, 615, 1606, 9, 202153808], [12, 142, 159, 623, 1606, 9, 202153808], [16, 126, 91, 631, 1606, 9, 202153808], [20, 109, 80, 639, 1606, 9, 202153808]]
  slot2_s13 P4 o=0xc5174e0 f=12669-12834 ctr0=600 b427=3 w428=0x1a0000 ctr_changes=164 ctr_log=[[12669, 600], [12670, 599, 0], [12671, 598, 1], [12672, 597, 1], [12673, 596, 1], [12674, 595, 1], [12675, 594, 1], [12676, 593, 1]]... end=436
     post(dt,x,y,z,code,hdr,fn): [[0, 70, 171, 545, 1606, 9, 202153808], [4, 90, 199, 545, 1606, 9, 202153808], [8, 109, 195, 545, 1606, 9, 202153808], [12, 128, 159, 545, 1606, 9, 202153808], [16, 147, 91, 545, 1606, 9, 202153808], [20, 165, 72, 545, 1606, 9, 202153808]]

=== code 0x6a -> Harisen  holds=9 fns=['0xc0c9810']
  slot2_s12 P3 o=0xc513e70 f=1989-2593 ctr0=600 b427=0 w428=0x22f0000 ctr_changes=599 ctr_log=[[1989, 600], [1990, 599, 10], [1991, 598, 10], [1992, 597, 10], [1993, 596, 10], [1994, 595, 10], [1995, 594, 10], [1996, 593, 10]]... end=0
     post(dt,x,y,z,code,hdr,fn): [[0, -170, 180, 321, 1642, 9, 202151952], [4, -155, 204, 321, 1642, 9, 202151952], [8, -136, 208, 321, 1642, 9, 202151952], [12, -117, 180, 321, 1642, 9, 202151952], [16, -98, 120, 321, 1642, 9, 202151952], [20, -89, 84, 321, 1642, 9, 202151952]]
  slot2_s15 P4 o=0xc5142a0 f=2042-2205 ctr0=600 b427=2 w428=0x0 ctr_changes=162 ctr_log=[[2042, 600], [2043, 599, 10], [2044, 598, 10], [2045, 597, 10], [2046, 596, 10], [2047, 595, 10], [2048, 594, 10], [2049, 593, 10]]... end=438
     post(dt,x,y,z,code,hdr,fn): [[0, 81, 171, 776, 1642, 9, 202151952], [4, 61, 199, 776, 1642, 9, 202151952], [8, 41, 195, 776, 1642, 9, 202151952], [12, 22, 159, 776, 1642, 9, 202151952], [16, 4, 91, 776, 1642, 9, 202151952], [20, -14, 105, 776, 1642, 9, 202151952]]
  slot2_s15 P1 o=0xc5142a0 f=2246-2684 ctr0=438 b427=2 w428=0x80100 ctr_changes=437 ctr_log=[[2246, 438], [2247, 437, 10], [2248, 436, 10], [2249, 435, 10], [2250, 434, 10], [2251, 433, 10], [2252, 432, 10], [2253, 431, 10]]... end=0
     post(dt,x,y,z,code,hdr,fn): [[0, 62, 180, -405, 1642, 9, 202151952], [4, 52, 195, -394, 1642, 9, 202151952], [8, 38, 199, -381, 1642, 9, 202151952], [12, 25, 171, -367, 1642, 9, 202151952], [16, 11, 111, -354, 1642, 9, 202151952], [20, 5, 84, -347, 1642, 9, 202151952]]
  slot2_s16 P3 o=0xc512980 f=12370-12644 ctr0=600 b427=3 w428=0x0 ctr_changes=271 ctr_log=[[12370, 600], [12371, 599, 10], [12372, 598, 10], [12373, 597, 10], [12374, 596, 10], [12375, 595, 10], [12376, 594, 10], [12377, 593, 10]]... end=329
     post(dt,x,y,z,code,hdr,fn): [[0, 693, 480, -753, 1642, 9, 202151952], [4, 673, 508, -750, 1642, 9, 202151952], [8, 654, 504, -747, 1642, 9, 202151952], [12, 635, 468, -744, 1642, 9, 202151952], [16, 617, 400, -741, 1642, 9, 202151952], [20, 599, 300, -738, 1642, 9, 202151952]]
  slot2_st_s21 P1 o=0xc514b00 f=7835-8214 ctr0=600 b427=4 w428=0x280000 ctr_changes=378 ctr_log=[[7835, 600], [7836, 599, 10], [7837, 598, 10], [7838, 597, 10], [7839, 596, 10], [7840, 595, 10], [7841, 594, 10], [7842, 593, 10]]... end=222
     post(dt,x,y,z,code,hdr,fn): [[0, -717, 171, 101, 1642, 9, 202151952], [4, -732, 199, 88, 1642, 9, 202151952], [8, -747, 195, 76, 1642, 9, 202151952], [12, -761, 159, 63, 1642, 9, 202151952], [16, -775, 91, 51, 1642, 9, 202151952], [20, -789, 105, 39, 1642, 9, 202151952]]
  slot2_st_s21 P2 o=0xc514b00 f=8356-8476 ctr0=222 b427=4 w428=0x6d0100 ctr_changes=117 ctr_log=[[8356, 222], [8357, 221, 10], [8358, 220, 10], [8359, 219, 10], [8360, 218, 10], [8361, 217, 10], [8362, 216, 10], [8363, 215, 10]]... end=105
     post(dt,x,y,z,code,hdr,fn): [[0, -641, 180, -182, 1642, 9, 202151952], [4, -655, 208, -168, 1642, 9, 202151952], [8, -669, 204, -154, 1642, 9, 202151952], [12, -682, 168, -141, 1642, 9, 202151952], [16, -695, 100, -128, 1642, 9, 202151952], [20, -708, 105, -115, 1642, 9, 202151952]]

=== code 0xc3 -> <non-item 0xc3>  holds=560 fns=['0xc0d4344', '0xc0d7104', '0xc0d7950', '0xc0e779c', '0xc0e8ae4', '0xc0f0370', '0xc0f0e08', '0xc0f1688', '0xc0f5a96']
  slot1_s11 P2 o=0xc5036a0 f=2206-2251 ctr0=10 b427=255 w428=0x4 ctr_changes=0 ctr_log=[[2206, 10]] end=10
     post(dt,x,y,z,code,hdr,fn): [[0, -719, 161, -197, 2243, 9, 202315400], [4, -571, 204, -240, 2243, 9, 202315400], [8, -424, 247, -284, 2243, 9, 202315400], [12, -276, 291, -327, 2243, 9, 202315400], [16, -128, 334, -371, 2243, 9, 202315400], [20, 20, 357, -414, 2243, 9, 202315400]]
  slot1_s11 P2 o=0xc503ad0 f=3031-3256 ctr0=10 b427=255 w428=0x4 ctr_changes=0 ctr_log=[[3031, 10]] end=10
     post(dt,x,y,z,code,hdr,fn): [[0, -1080, 171, -380, 1731, 9, 202315400], [4, -1066, 199, -394, 1731, 9, 202315400], [8, -1052, 195, -408, 1731, 9, 202315400], [12, -1039, 159, -421, 1731, 9, 202315400], [16, -1026, 97, -434, 1731, 9, 202315400], [20, -1013, 120, -447, 1731, 9, 202315400]]
  slot1_s11 P2 o=0xc502e40 f=4786-4874 ctr0=10 b427=255 w428=0x4 ctr_changes=0 ctr_log=[[4786, 10]] end=10
     post(dt,x,y,z,code,hdr,fn): [[0, -776, 343, 1042, 2243, 9, 202315400], [4, -776, 343, 1120, 451, 9, 202315400], [8, -850, 100, 1000, 451, 9, 202315400], [12, -850, 100, 1000, 451, 9, 202315400], [16, -850, 100, 1000, 451, 9, 202315400], [20, -850, 100, 1000, 451, 9, 202315400]]
  slot1_s11 P1 o=0xc5036a0 f=5146-5191 ctr0=10 b427=255 w428=0x4 ctr_changes=0 ctr_log=[[5146, 10]] end=10
     post(dt,x,y,z,code,hdr,fn): [[0, 765, 161, -524, 2243, 9, 202315400], [4, 878, 161, -638, 2243, 9, 202315400], [8, 991, 161, -751, 2243, 9, 202315400], [12, 1105, 161, -864, 2243, 9, 202315400], [16, -1000, 100, -100, 451, 9, 202315400], [20, -1000, 100, -100, 451, 9, 202315400]]
  slot1_s11 P2 o=0xc503f00 f=6031-6089 ctr0=10 b427=255 w428=0x4 ctr_changes=0 ctr_log=[[6031, 10]] end=10
     post(dt,x,y,z,code,hdr,fn): [[0, -1118, 506, 254, 2243, 9, 202315400], [4, -1100, 100, 300, 451, 9, 202315400], [8, -1100, 100, 300, 451, 9, 202315400], [12, -1100, 100, 300, 451, 9, 202315400], [16, -1100, 100, 300, 451, 9, 202315400], [20, -1100, 100, 300, 451, 9, 202315400]]
  slot1_s11 P1 o=0xc5025e0 f=6361-6421 ctr0=10 b427=255 w428=0x4 ctr_changes=0 ctr_log=[[6361, 10]] end=10
     post(dt,x,y,z,code,hdr,fn): [[0, -17, 161, -689, 2243, 9, 202315400], [4, -130, 161, -575, 2243, 9, 202315400], [8, -243, 161, -462, 2243, 9, 202315400], [12, -356, 161, -349, 2243, 9, 202315400], [16, -469, 161, -236, 2243, 9, 202315400], [20, -582, 141, -123, 2243, 9, 202315400]]

=== code 0xc4 -> <non-item 0xc4>  holds=17 fns=['0xc0d1bae', '0xc0e455e']
  slot2_st_s21 P1 o=0xc5010f0 f=36469-36536 ctr0=30 b427=0 w428=0x0 ctr_changes=0 ctr_log=[[36469, 30]] end=30
     post(dt,x,y,z,code,hdr,fn): [[0, 220, 15, 0, 708, 9, 202185646], [4, 220, 15, 0, 708, 9, 202185646], [8, 220, 15, 0, 708, 9, 202185646], [12, 220, 15, 0, 708, 9, 202185646], [16, 220, 15, 0, 708, 9, 202185646], [20, 220, 15, 0, 708, 9, 202185646]]
  slot2_st_s22 P3 o=0xc500890 f=17775-19832 ctr0=30 b427=0 w428=0x0 ctr_changes=0 ctr_log=[[17775, 30]] end=0
     post(dt,x,y,z,code,hdr,fn): [[0, 0, 0, 0, 0, 0, 0], [4, 0, 0, 0, 0, 0, 0], [8, 0, 0, 0, 0, 0, 0], [12, 0, 0, 0, 0, 0, 0], [16, 0, 0, 0, 0, 0, 0], [20, 0, 0, 0, 0, 0, 0]]
  slot2_st_s22 P4 o=0xc5010f0 f=35201-35412 ctr0=30 b427=0 w428=0x0 ctr_changes=0 ctr_log=[[35201, 30]] end=30
     post(dt,x,y,z,code,hdr,fn): [[0, 220, 15, 0, 708, 9, 202185646], [4, 220, 15, 0, 708, 9, 202185646], [8, 220, 15, 0, 708, 9, 202185646], [12, 220, 15, 0, 708, 9, 202185646], [16, 220, 15, 0, 708, 9, 202185646], [20, 220, 15, 0, 708, 9, 202185646]]
  slot2_st_s22 P2 o=0xc500890 f=36981-38563 ctr0=30 b427=0 w428=0x0 ctr_changes=0 ctr_log=[[36981, 30]] end=0
     post(dt,x,y,z,code,hdr,fn): [[0, 0, 0, 0, 0, 0, 0], [4, 0, 0, 0, 0, 0, 0], [8, 0, 0, 0, 0, 0, 0], [12, 0, 0, 0, 0, 0, 0], [16, 0, 0, 0, 0, 0, 0], [20, 0, 0, 0, 0, 0, 0]]
  slot2_st_s23 P1 o=0xc5025e0 f=13896-15309 ctr0=30 b427=0 w428=0x0 ctr_changes=0 ctr_log=[[13896, 30]] end=30
     post(dt,x,y,z,code,hdr,fn): [[0, 0, 211, -297, 708, 9, 202261854], [4, 0, 211, -297, 708, 9, 202261854], [8, 0, 211, -297, 708, 9, 202261854], [12, 0, 211, -297, 708, 9, 202261854], [16, 0, 211, -297, 708, 9, 202261854], [20, 0, 211, -297, 708, 9, 202261854]]
  slot3_st_s21 P2 o=0xc500cc0 f=24265-24362 ctr0=30 b427=0 w428=0x0 ctr_changes=0 ctr_log=[[24265, 30]] end=30
     post(dt,x,y,z,code,hdr,fn): [[0, 0, 211, -297, 708, 9, 202261854], [4, 0, 211, -297, 708, 9, 202261854], [8, 0, 211, -297, 708, 9, 202261854], [12, 0, 211, -297, 708, 9, 202261854], [16, 0, 211, -297, 708, 9, 202261854], [20, 0, 211, -297, 708, 9, 202261854]]

=== code 0xc5 -> <non-item 0xc5>  holds=3 fns=['0xc0df0ca']
  slot3_st_s22 P1 o=0xc505820 f=9811-9848 ctr0=10 b427=255 w428=0x0 ctr_changes=0 ctr_log=[[9811, 10]] end=10
     post(dt,x,y,z,code,hdr,fn): [[0, -722, 184, 75, 2245, 9, 202240202], [4, -679, 184, 122, 2501, 9, 202240202], [8, -679, 184, 122, 2501, 9, 202240202], [12, -679, 184, 122, 2501, 9, 202240202], [16, -679, 175, 122, 2501, 9, 202240202], [20, -679, 150, 122, 2501, 9, 202240202]]
  slot3_st_s22 P3 o=0xc5053f0 f=10143-10180 ctr0=10 b427=255 w428=0x0 ctr_changes=0 ctr_log=[[10143, 10]] end=10
     post(dt,x,y,z,code,hdr,fn): [[0, -641, 161, -107, 2245, 9, 202240202], [4, 53, -75, 0, 1477, 9, 202240202], [8, 53, -75, 0, 1477, 9, 202240202], [12, 53, -75, 0, 1477, 9, 202240202], [16, 53, -75, 0, 1477, 9, 202240202], [20, 53, -75, 0, 1477, 9, 202240202]]
  slot3_st_s22 P1 o=0xc5053f0 f=10182-10254 ctr0=10 b427=255 w428=0x0 ctr_changes=0 ctr_log=[[10182, 10]] end=10
     post(dt,x,y,z,code,hdr,fn): [[0, -676, 690, -133, 2245, 9, 202240202], [4, -681, 600, -138, 2757, 9, 202240202], [8, 0, 0, 0, 0, 0, 0], [12, 0, 0, 0, 0, 5, 202733256], [16, 0, 0, 0, 0, 5, 202733256], [20, 0, 0, 0, 0, 5, 202733256]]

=== code 0xc8 -> <non-item 0xc8>  holds=15 fns=['0xc0d859c', '0xc0f18d4', '0xc0f5c54']
  slot1_s14 P2 o=0xc504760 f=8650-8726 ctr0=10 b427=0 w428=0x3 ctr_changes=0 ctr_log=[[8650, 10]] end=10
     post(dt,x,y,z,code,hdr,fn): [[0, 930, 180, -713, 1736, 9, 202315988], [4, 930, 180, -713, 1736, 9, 202315988], [8, 930, 180, -713, 1736, 9, 202315988], [12, 930, 180, -713, 1736, 9, 202315988], [16, 930, 180, -713, 1736, 9, 202315988], [20, 930, 180, -713, 1736, 9, 202315988]]
  slot2_s11 P2 o=0xc505820 f=12865-12941 ctr0=10 b427=0 w428=0x3 ctr_changes=0 ctr_log=[[12865, 10]] end=10
     post(dt,x,y,z,code,hdr,fn): [[0, -930, 180, 764, 1736, 9, 202315988], [4, -930, 180, 764, 1736, 9, 202315988], [8, -930, 180, 764, 1736, 9, 202315988], [12, -930, 180, 764, 1736, 9, 202315988], [16, -930, 180, 764, 1736, 9, 202315988], [20, -930, 180, 764, 1736, 9, 202315988]]
  slot2_st_s22 P2 o=0xc509f50 f=9764-9819 ctr0=10 b427=255 w428=0x1 ctr_changes=0 ctr_log=[[9764, 10]] end=10
     post(dt,x,y,z,code,hdr,fn): [[0, -2070, 180, -729, 1736, 9, 202212764], [4, -2070, 180, -729, 1736, 9, 202212764], [8, -2070, 180, -729, 1736, 9, 202212764], [12, -2070, 180, -729, 1736, 9, 202212764], [16, -2070, 180, -729, 1736, 9, 202212764], [20, -2070, 180, -729, 1736, 9, 202212764]]
  slot3_s11 P1 o=0xc5053f0 f=1642-1731 ctr0=10 b427=0 w428=0x3 ctr_changes=0 ctr_log=[[1642, 10]] end=10
     post(dt,x,y,z,code,hdr,fn): [[0, -54, 180, 954, 1736, 9, 202315988], [4, -54, 180, 954, 1736, 9, 202315988], [8, -54, 180, 954, 1736, 9, 202315988], [12, -54, 180, 954, 1736, 9, 202315988], [16, -54, 180, 954, 1736, 9, 202315988], [20, -54, 180, 954, 1736, 9, 202315988]]
  slot3_s11 P1 o=0xc504b90 f=9668-9744 ctr0=10 b427=0 w428=0x3 ctr_changes=0 ctr_log=[[9668, 10]] end=10
     post(dt,x,y,z,code,hdr,fn): [[0, -1086, 180, -905, 1736, 9, 202315988], [4, -1086, 180, -905, 1736, 9, 202315988], [8, -1086, 180, -905, 1736, 9, 202315988], [12, -1086, 180, -905, 1736, 9, 202315988], [16, -1086, 180, -905, 1736, 9, 202315988], [20, -1086, 180, -905, 1736, 9, 202315988]]
  slot3_s12 P1 o=0xc504fc0 f=5836-5912 ctr0=10 b427=0 w428=0x3 ctr_changes=0 ctr_log=[[5836, 10]] end=10
     post(dt,x,y,z,code,hdr,fn): [[0, 891, 180, -957, 1736, 9, 202315988], [4, 891, 180, -957, 1736, 9, 202315988], [8, 891, 180, -957, 1736, 9, 202315988], [12, 891, 180, -957, 1736, 9, 202315988], [16, 891, 180, -957, 1736, 9, 202315988], [20, 891, 180, -957, 1736, 9, 202315988]]

=== code 0xcc -> <non-item 0xcc>  holds=1 fns=['0xc0e5522']
  slot2_st_s23 P1 o=0xc5142a0 f=15999-16030 ctr0=600 b427=255 w428=0x890000 ctr_changes=0 ctr_log=[[15999, 600]] end=600
     post(dt,x,y,z,code,hdr,fn): [[0, 935, 338, 1440, 716, 9, 202265890], [4, 935, 326, 1440, 716, 9, 202265890], [8, 935, 282, 1440, 716, 9, 202265890], [12, 935, 206, 1440, 716, 9, 202265890], [16, 935, 98, 1440, 716, 9, 202265890], [20, 935, 63, 1440, 716, 9, 202265890]]

census (code, fn): n
  code=0x00 state=0x1 <non-item 0x0>       fn=0xc0cacac n=5
  code=0x01 state=0x0 Gun                  fn=0xc0c9810 n=4
  code=0x01 state=0x2 Gun                  fn=0xc0c9810 n=73
  code=0x01 state=0x5 Gun                  fn=0xc0c9810 n=34
  code=0x01 state=0x6 Gun                  fn=0xc0c9810 n=2
  code=0x01 state=0xb Gun                  fn=0xc0c9810 n=1
  code=0x02 state=0x0 Bazooka              fn=0xc0c9810 n=3
  code=0x02 state=0x1 Bazooka              fn=0xc0c9810 n=4
  code=0x02 state=0x2 Bazooka              fn=0xc0c9810 n=72
  code=0x02 state=0x5 Bazooka              fn=0xc0c9810 n=20
  code=0x02 state=0x6 Bazooka              fn=0xc0c9810 n=6
  code=0x03 state=0x0 Flame Thrower        fn=0xc0c9810 n=3
  code=0x03 state=0x1 Flame Thrower        fn=0xc0c9810 n=3
  code=0x03 state=0x2 Flame Thrower        fn=0xc0c9810 n=54
  code=0x03 state=0x5 Flame Thrower        fn=0xc0c9810 n=20
  code=0x03 state=0x6 Flame Thrower        fn=0xc0c9810 n=2
  code=0x03 state=0x7 Flame Thrower        fn=0xc0c9810 n=2
  code=0x04 state=0x0 Hammer               fn=0xc0c9810 n=4
  code=0x04 state=0x2 Hammer               fn=0xc0c9810 n=84
  code=0x04 state=0x5 Hammer               fn=0xc0c9810 n=14
  code=0x04 state=0x6 Hammer               fn=0xc0c9810 n=4
  code=0x04 state=0x7 Hammer               fn=0xc0c9810 n=1
  code=0x05 state=0x0 Sword                fn=0xc0c9810 n=4
  code=0x05 state=0x2 Sword                fn=0xc0c9810 n=75
  code=0x05 state=0x5 Sword                fn=0xc0c9810 n=21
  code=0x05 state=0x6 Sword                fn=0xc0c9810 n=4
  code=0x05 state=0x7 Sword                fn=0xc0c9810 n=3
  code=0x06 state=0x0 Power Sword          fn=0xc0c9810 n=1
  code=0x06 state=0x2 Power Sword          fn=0xc0c9810 n=79
  code=0x06 state=0x5 Power Sword          fn=0xc0c9810 n=38
  code=0x06 state=0x6 Power Sword          fn=0xc0c9810 n=4
  code=0x06 state=0x7 Power Sword          fn=0xc0c9810 n=2
  code=0x06 state=0xb Power Sword          fn=0xc0c9810 n=1
  code=0x07 state=0x0 Iron Pipe            fn=0xc0c9810 n=3
  code=0x07 state=0x2 Iron Pipe            fn=0xc0c9810 n=61
  code=0x07 state=0x5 Iron Pipe            fn=0xc0c9810 n=23
  code=0x07 state=0x6 Iron Pipe            fn=0xc0c9810 n=3
  code=0x07 state=0x7 Iron Pipe            fn=0xc0c9810 n=4
  code=0x08 state=0x0 Small Bomb           fn=0xc0ca928 n=2
  code=0x08 state=0x2 Small Bomb           fn=0xc0ca928 n=25
  code=0x08 state=0x5 Small Bomb           fn=0xc0ca928 n=3
  code=0x09 state=0x0 Medium Bomb          fn=0xc0ca928 n=3
  code=0x09 state=0x2 Medium Bomb          fn=0xc0ca928 n=18
  code=0x09 state=0x5 Medium Bomb          fn=0xc0ca928 n=9
  code=0x0a state=0x1 Large Bomb           fn=0xc0ca928 n=7
  code=0x0a state=0x2 Large Bomb           fn=0xc0ca928 n=21
  code=0x0a state=0x5 Large Bomb           fn=0xc0ca928 n=6
  code=0x0a state=0x6 Large Bomb           fn=0xc0ca928 n=1
  code=0x0b state=0x0 Fire-Bottle          fn=0xc0c9810 n=2
  code=0x0b state=0x2 Fire-Bottle          fn=0xc0c9810 n=31
  code=0x0b state=0x5 Fire-Bottle          fn=0xc0c9810 n=4
  code=0x0b state=0x6 Fire-Bottle          fn=0xc0c9810 n=1
  code=0x0b state=0x8 Fire-Bottle          fn=0xc0c9810 n=1
  code=0x0c state=0x0 Machine Gun          fn=0xc0c9810 n=4
  code=0x0c state=0x2 Machine Gun          fn=0xc0c9810 n=98
  code=0x0c state=0x5 Machine Gun          fn=0xc0c9810 n=40
  code=0x0c state=0x6 Machine Gun          fn=0xc0c9810 n=4
  code=0x0c state=0x7 Machine Gun          fn=0xc0c9810 n=2
  code=0x0d state=0x0 Ray Gun              fn=0xc0c9810 n=3
  code=0x0d state=0x2 Ray Gun              fn=0xc0c9810 n=78
  code=0x0d state=0x5 Ray Gun              fn=0xc0c9810 n=34
  code=0x0d state=0x6 Ray Gun              fn=0xc0c9810 n=1
  code=0x0d state=0x7 Ray Gun              fn=0xc0c9810 n=3
  code=0x0e state=0x0 Magic Stick          fn=0xc0c9810 n=4
  code=0x0e state=0x2 Magic Stick          fn=0xc0c9810 n=72
  code=0x0e state=0x5 Magic Stick          fn=0xc0c9810 n=14
  code=0x0e state=0x6 Magic Stick          fn=0xc0c9810 n=4
  code=0x0e state=0x7 Magic Stick          fn=0xc0c9810 n=5
  code=0x0f state=0x2 Power Shield         fn=0xc0c9810 n=43
  code=0x0f state=0x5 Power Shield         fn=0xc0c9810 n=8
  code=0x0f state=0x6 Power Shield         fn=0xc0c9810 n=2
  code=0x10 state=0x2 Apple                fn=0xc0ca5d8 n=5
  code=0x11 state=0x0 Short Cake           fn=0xc0ca5d8 n=1
  code=0x11 state=0x2 Short Cake           fn=0xc0ca5d8 n=4
  code=0x12 state=0x0 Meat                 fn=0xc0ca5d8 n=1
  code=0x12 state=0x2 Meat                 fn=0xc0ca5d8 n=4
  code=0x13 state=0x2 Flame Sword          fn=0xc0c9810 n=23
  code=0x13 state=0x5 Flame Sword          fn=0xc0c9810 n=5
  code=0x13 state=0x7 Flame Sword          fn=0xc0c9810 n=1
  code=0x19 state=0x0 Umbrella             fn=0xc0c9810 n=1
  code=0x19 state=0x2 Umbrella             fn=0xc0c9810 n=54
  code=0x19 state=0x5 Umbrella             fn=0xc0c9810 n=12
  code=0x19 state=0x6 Umbrella             fn=0xc0c9810 n=1
  code=0x19 state=0x7 Umbrella             fn=0xc0c9810 n=3
  code=0x1d state=0x0 Toy Hammer           fn=0xc0c9810 n=4
  code=0x1d state=0x2 Toy Hammer           fn=0xc0c9810 n=75
  code=0x1d state=0x5 Toy Hammer           fn=0xc0c9810 n=8
  code=0x1d state=0x6 Toy Hammer           fn=0xc0c9810 n=2
  code=0x1d state=0x7 Toy Hammer           fn=0xc0c9810 n=7
  code=0x21 state=0x0 Soap Bubble Gun      fn=0xc0c9810 n=4
  code=0x21 state=0x1 Soap Bubble Gun      fn=0xc0c9810 n=2
  code=0x21 state=0x2 Soap Bubble Gun      fn=0xc0c9810 n=63
  code=0x21 state=0x5 Soap Bubble Gun      fn=0xc0c9810 n=16
  code=0x21 state=0x6 Soap Bubble Gun      fn=0xc0c9810 n=1
  code=0x21 state=0x7 Soap Bubble Gun      fn=0xc0c9810 n=4
  code=0x24 state=0x0 Leg Weight           fn=0xc0c9810 n=1
  code=0x24 state=0x2 Leg Weight           fn=0xc0c9810 n=25
  code=0x24 state=0x5 Leg Weight           fn=0xc0c9810 n=4
  code=0x2b state=0x0 Battlefield Axe      fn=0xc0c9810 n=1
  code=0x2b state=0x2 Battlefield Axe      fn=0xc0c9810 n=76
  code=0x2b state=0x5 Battlefield Axe      fn=0xc0c9810 n=16
  code=0x2b state=0x6 Battlefield Axe      fn=0xc0c9810 n=3
  code=0x2b state=0x7 Battlefield Axe      fn=0xc0c9810 n=4
  code=0x2b state=0xb Battlefield Axe      fn=0xc0c9810 n=1
  code=0x30 state=0x0 Trident              fn=0xc0c9810 n=1
  code=0x30 state=0x2 Trident              fn=0xc0c9810 n=56
  code=0x30 state=0x5 Trident              fn=0xc0c9810 n=12
  code=0x30 state=0x6 Trident              fn=0xc0c9810 n=2
  code=0x30 state=0x7 Trident              fn=0xc0c9810 n=3
  code=0x33 state=0x0 3-Way Shotgun        fn=0xc0c9810 n=2
  code=0x33 state=0x2 3-Way Shotgun        fn=0xc0c9810 n=61
  code=0x33 state=0x5 3-Way Shotgun        fn=0xc0c9810 n=39
  code=0x33 state=0x6 3-Way Shotgun        fn=0xc0c9810 n=6
  code=0x33 state=0x7 3-Way Shotgun        fn=0xc0c9810 n=1
  code=0x35 state=0x0 Leg Trap             fn=0xc0c9810 n=1
  code=0x35 state=0x2 Leg Trap             fn=0xc0c9810 n=16
  code=0x39 state=0x0 Ice Rod              fn=0xc0c9810 n=3
  code=0x39 state=0x2 Ice Rod              fn=0xc0c9810 n=62
  code=0x39 state=0x5 Ice Rod              fn=0xc0c9810 n=21
  code=0x39 state=0x6 Ice Rod              fn=0xc0c9810 n=4
  code=0x3b state=0x0 Magic Rod            fn=0xc0c9810 n=1
  code=0x3b state=0x2 Magic Rod            fn=0xc0c9810 n=61
  code=0x3b state=0x5 Magic Rod            fn=0xc0c9810 n=20
  code=0x3b state=0x6 Magic Rod            fn=0xc0c9810 n=2
  code=0x43 state=0x2 Loudspeaker          fn=0xc0c9810 n=74
  code=0x43 state=0x5 Loudspeaker          fn=0xc0c9810 n=32
  code=0x43 state=0x6 Loudspeaker          fn=0xc0c9810 n=3
  code=0x44 state=0x2 Devil Sickle         fn=0xc0c9810 n=20
  code=0x44 state=0x5 Devil Sickle         fn=0xc0c9810 n=5
  code=0x44 state=0x6 Devil Sickle         fn=0xc0c9810 n=2
  code=0x44 state=0x7 Devil Sickle         fn=0xc0c9810 n=3
  code=0x46 state=0x0 Skateboard           fn=0xc0c9f50 n=2
  code=0x46 state=0x1 Skateboard           fn=0xc0cacac n=1
  code=0x46 state=0x2 Skateboard           fn=0xc0c9f50 n=56
  code=0x46 state=0x5 Skateboard           fn=0xc0c9f50 n=16
  code=0x46 state=0x6 Skateboard           fn=0xc0c9f50 n=1
  code=0x53 state=0x2 Rice Ball            fn=0xc0ca5d8 n=2
  code=0x54 state=0x2 Banana               fn=0xc0ca5d8 n=2
  code=0x55 state=0x2 Hamburger            fn=0xc0ca5d8 n=2
  code=0x68 state=0x2 Cheese               fn=0xc0ca5d8 n=5
  code=0x6a state=0x0 Harisen              fn=0xc0c9810 n=1
  code=0x6a state=0x2 Harisen              fn=0xc0c9810 n=21
  code=0x6a state=0x5 Harisen              fn=0xc0c9810 n=9
  code=0x6a state=0x6 Harisen              fn=0xc0c9810 n=2
  code=0x79 state=0x0 Kitten               fn=0xc0c9810 n=3
  code=0x79 state=0x2 Kitten               fn=0xc0c9810 n=17
  code=0xc1 state=0x0 <non-item 0xc1>      fn=0xc0cbcb0 n=116
  code=0xc1 state=0x2 <non-item 0xc1>      fn=0xc0cbcb0 n=1424
  code=0xc1 state=0xb <non-item 0xc1>      fn=0xc0cbcb0 n=1
  code=0xc2 state=0x2 <non-item 0xc2>      fn=0xc0cc7a8 n=5115
  code=0xc2 state=0x9 <non-item 0xc2>      fn=0xc0cc7a8 n=179
  code=0xc2 state=0xb <non-item 0xc2>      fn=0xc0cc7a8 n=3
  code=0xc3 state=0x0 <non-item 0xc3>      fn=0xc0d4344 n=10
  code=0xc3 state=0x0 <non-item 0xc3>      fn=0xc0d7104 n=5
  code=0xc3 state=0x0 <non-item 0xc3>      fn=0xc0d7950 n=3
  code=0xc3 state=0x0 <non-item 0xc3>      fn=0xc0e8ae4 n=13
  code=0xc3 state=0x0 <non-item 0xc3>      fn=0xc0f1688 n=145
  code=0xc3 state=0x0 <non-item 0xc3>      fn=0xc0f5a96 n=6
  code=0xc3 state=0x1 <non-item 0xc3>      fn=0xc0d4344 n=26
  code=0xc3 state=0x1 <non-item 0xc3>      fn=0xc0d7104 n=27
  code=0xc3 state=0x1 <non-item 0xc3>      fn=0xc0d7950 n=19
  code=0xc3 state=0x1 <non-item 0xc3>      fn=0xc0e779c n=5
  code=0xc3 state=0x1 <non-item 0xc3>      fn=0xc0e7ff0 n=125
  code=0xc3 state=0x1 <non-item 0xc3>      fn=0xc0e8ae4 n=358
  code=0xc3 state=0x1 <non-item 0xc3>      fn=0xc0f0e08 n=21
  code=0xc3 state=0x1 <non-item 0xc3>      fn=0xc0f1688 n=762
  code=0xc3 state=0x1 <non-item 0xc3>      fn=0xc0f5a96 n=21
  code=0xc3 state=0x2 <non-item 0xc3>      fn=0xc0d4344 n=110
  code=0xc3 state=0x2 <non-item 0xc3>      fn=0xc0d7104 n=187
  code=0xc3 state=0x2 <non-item 0xc3>      fn=0xc0d7950 n=171
  code=0xc3 state=0x2 <non-item 0xc3>      fn=0xc0e779c n=60
  code=0xc3 state=0x2 <non-item 0xc3>      fn=0xc0e7ff0 n=23
  code=0xc3 state=0x2 <non-item 0xc3>      fn=0xc0e8ae4 n=383
  code=0xc3 state=0x2 <non-item 0xc3>      fn=0xc0f0370 n=8
  code=0xc3 state=0x2 <non-item 0xc3>      fn=0xc0f0e08 n=311
  code=0xc3 state=0x2 <non-item 0xc3>      fn=0xc0f1688 n=9814
  code=0xc3 state=0x2 <non-item 0xc3>      fn=0xc0f5a96 n=143
  code=0xc3 state=0x3 <non-item 0xc3>      fn=0xc0e7ff0 n=1
  code=0xc3 state=0x5 <non-item 0xc3>      fn=0xc0d4344 n=13
  code=0xc3 state=0x5 <non-item 0xc3>      fn=0xc0d7104 n=5
  code=0xc3 state=0x5 <non-item 0xc3>      fn=0xc0d7950 n=5
  code=0xc3 state=0x5 <non-item 0xc3>      fn=0xc0e8ae4 n=5
  code=0xc3 state=0x5 <non-item 0xc3>      fn=0xc0f0370 n=1
  code=0xc3 state=0x5 <non-item 0xc3>      fn=0xc0f0e08 n=9
  code=0xc3 state=0x5 <non-item 0xc3>      fn=0xc0f1688 n=291
  code=0xc3 state=0x5 <non-item 0xc3>      fn=0xc0f5a96 n=4
  code=0xc3 state=0x6 <non-item 0xc3>      fn=0xc0d4344 n=1
  code=0xc3 state=0x6 <non-item 0xc3>      fn=0xc0f0e08 n=1
  code=0xc3 state=0x6 <non-item 0xc3>      fn=0xc0f1688 n=12
  code=0xc3 state=0x8 <non-item 0xc3>      fn=0xc0f0e08 n=1
  code=0xc3 state=0x8 <non-item 0xc3>      fn=0xc0f1688 n=21
  code=0xc3 state=0xa <non-item 0xc3>      fn=0xc0e7ff0 n=1
  code=0xc3 state=0xa <non-item 0xc3>      fn=0xc0e8ae4 n=1
  code=0xc3 state=0xa <non-item 0xc3>      fn=0xc0f1688 n=3
  code=0xc4 state=0x0 <non-item 0xc4>      fn=0xc0e455e n=15
  code=0xc4 state=0x1 <non-item 0xc4>      fn=0xc0e455e n=11
  code=0xc4 state=0x2 <non-item 0xc4>      fn=0xc0d1bae n=99
  code=0xc4 state=0x2 <non-item 0xc4>      fn=0xc0e455e n=146
  code=0xc4 state=0x4 <non-item 0xc4>      fn=0xc0e455e n=1
  code=0xc4 state=0x5 <non-item 0xc4>      fn=0xc0d1bae n=5
  code=0xc4 state=0x5 <non-item 0xc4>      fn=0xc0e455e n=7
  code=0xc4 state=0x7 <non-item 0xc4>      fn=0xc0d1bae n=8
  code=0xc4 state=0x7 <non-item 0xc4>      fn=0xc0e455e n=6
  code=0xc5 state=0x2 <non-item 0xc5>      fn=0xc0df0ca n=75
  code=0xc5 state=0x5 <non-item 0xc5>      fn=0xc0df0ca n=1
  code=0xc5 state=0x9 <non-item 0xc5>      fn=0xc0df0ca n=1
  code=0xc6 state=0x0 <non-item 0xc6>      fn=0xc0cd554 n=6
  code=0xc6 state=0x2 <non-item 0xc6>      fn=0xc0cd554 n=52
  code=0xc6 state=0xa <non-item 0xc6>      fn=0xc0cd554 n=5
  code=0xc8 state=0x0 <non-item 0xc8>      fn=0xc0d859c n=1
  code=0xc8 state=0x0 <non-item 0xc8>      fn=0xc0f18d4 n=4
  code=0xc8 state=0x1 <non-item 0xc8>      fn=0xc0d859c n=1
  code=0xc8 state=0x1 <non-item 0xc8>      fn=0xc0f18d4 n=12
  code=0xc8 state=0x1 <non-item 0xc8>      fn=0xc0f5c54 n=2
  code=0xc8 state=0x2 <non-item 0xc8>      fn=0xc0d859c n=76
  code=0xc8 state=0x2 <non-item 0xc8>      fn=0xc0f109a n=45
  code=0xc8 state=0x2 <non-item 0xc8>      fn=0xc0f18d4 n=5503
  code=0xc8 state=0x2 <non-item 0xc8>      fn=0xc0f5c54 n=228
  code=0xc8 state=0x5 <non-item 0xc8>      fn=0xc0f18d4 n=2
  code=0xc8 state=0x6 <non-item 0xc8>      fn=0xc0f18d4 n=2
  code=0xc8 state=0x6 <non-item 0xc8>      fn=0xc0f5c54 n=1
  code=0xc8 state=0x7 <non-item 0xc8>      fn=0xc0f18d4 n=1
  code=0xc8 state=0x7 <non-item 0xc8>      fn=0xc0f5c54 n=1
  code=0xca state=0x2 <non-item 0xca>      fn=0xc0ebc60 n=42
  code=0xcb state=0x2 <non-item 0xcb>      fn=0xc0ced40 n=15
  code=0xcc state=0x2 <non-item 0xcc>      fn=0xc0e5522 n=15
